{"stats":{"minecraft:crafted":{"minecraft:oak_planks":396,"minecraft:smooth_stone":13,"minecraft:cobblestone_slab":294,"untamedwilds:trap_cage":4,"minecraft:blaze_powder":6,"minecraft:cooked_chicken":4,"minecraft:stone":49,"minecraft:cobblestone_stairs":16,"minecraft:lever":1,"minecraft:bookshelf":19,"minecraft:cooked_mutton":31,"minecraft:iron_bars":16,"minecraft:glass":98,"minecraft:hopper":18,"minecraft:bow":1,"minecraft:diamond_helmet":2,"minecraft:diamond_leggings":2,"minecraft:iron_boots":1,"minecraft:chest":37,"minecraft:netherite_upgrade_smithing_template":4,"minecraft:emerald":2,"minecraft:smoker":6,"minecraft:oak_slab":6,"minecraft:dropper":1,"travelersbackpack:iron_tier_upgrade":2,"minecraft:cooked_porkchop":82,"minecraft:crafting_table":4,"travelersbackpack:lapis":1,"minecraft:spruce_planks":76,"travelersbackpack:standard":2,"minecraft:iron_helmet":1,"minecraft:wooden_pickaxe":1,"minecraft:smithing_table":1,"minecraft:copper_ingot":2,"minecraft:birch_planks":24,"minecraft:brewing_stand":1,"minecraft:light_gray_bed":1,"minecraft:dispenser":1,"minecraft:lectern":1,"pamhc2foodcore:skilletitem":1,"minecraft:iron_chestplate":1,"minecraft:book":74,"minecraft:paper":372,"minecraft:diamond_pickaxe":4,"minecraft:shield":8,"minecraft:stick":224,"minecraft:iron_ingot":273,"minecraft:iron_pickaxe":5,"minecraft:iron_block":3,"minecraft:gold_ingot":39,"minecraft:black_bed":1,"minecraft:netherite_ingot":1,"minecraft:shears":1,"minecraft:cherry_planks":68,"minecraft:raw_iron":9,"minecraft:fishing_rod":1,"minecraft:smooth_stone_slab":24,"minecraft:iron_nugget":54,"minecraft:furnace":14,"minecraft:bone_meal":144,"travelersbackpack:blank_upgrade":4,"travelersbackpack:gold_tier_upgrade":2,"minecraft:oak_trapdoor":4,"minecraft:glass_pane":16,"minecraft:flint_and_steel":1,"minecraft:lantern":6,"travelersbackpack:white_sleeping_bag":1,"minecraft:iron_axe":3,"minecraft:iron_hoe":1,"minecraft:stone_pickaxe":3,"minecraft:cobblestone_wall":192,"minecraft:diamond_boots":1,"minecraft:cobbled_deepslate_stairs":4,"pamhc2foodcore:friedeggitem":209,"minecraft:netherite_scrap":4,"minecraft:cherry_fence_gate":2,"minecraft:cooked_beef":120,"minecraft:red_dye":1,"minecraft:cooked_cod":27,"minecraft:crimson_planks":8,"minecraft:diamond_sword":1,"minecraft:enchanting_table":1,"travelersbackpack:backpack_tank":6,"minecraft:red_bed":1,"minecraft:cooked_salmon":14,"minecraft:bucket":1,"minecraft:stone_axe":1,"minecraft:glowstone":4,"minecraft:bread":5,"minecraft:air":0,"minecraft:blue_dye":1,"minecraft:oak_fence_gate":1,"minecraft:birch_trapdoor":6,"minecraft:iron_shovel":2,"minecraft:iron_leggings":1,"minecraft:armor_stand":2,"minecraft:anvil":1,"minecraft:white_bed":7,"minecraft:torch":552,"minecraft:lapis_block":4,"tombstone:bone_needle":1,"minecraft:diamond_chestplate":1},"minecraft:broken":{"minecraft:iron_shovel":1,"minecraft:stone_pickaxe":1,"minecraft:diamond_pickaxe":2,"minecraft:shield":2,"minecraft:iron_axe":1,"minecraft:iron_pickaxe":4},"minecraft:mined":{"minecraft:dark_oak_planks":1,"minecraft:white_bed":42,"minecraft:farmland":2,"minecraft:cobbled_deepslate_stairs":1,"minecraft:cobblestone_stairs":7,"minecraft:sculk_vein":5,"minecraft:cherry_log":17,"minecraft:brewing_stand":1,"minecraft:cave_vines_plant":4,"minecraft:granite":12,"minecraft:grass_block":35,"minecraft:cracked_polished_blackstone_bricks":6,"minecraft:light_gray_bed":4,"minecraft:nether_wart":43,"minecraft:spawner":2,"minecraft:polished_blackstone_bricks":15,"pamhc2crops:pamkiwicrop":1,"minecraft:magma_block":1,"minecraft:raw_iron_block":1,"minecraft:glowstone":9,"minecraft:iron_ore":144,"minecraft:cobbled_deepslate":83,"minecraft:fire":13,"minecraft:pumpkin":14,"minecraft:anvil":1,"minecraft:deepslate_lapis_ore":23,"minecraft:azure_bluet":3,"minecraft:enchanting_table":3,"minecraft:dark_oak_stairs":3,"minecraft:twisting_vines":2,"minecraft:cave_vines":9,"minecraft:deepslate_redstone_ore":17,"minecraft:red_bed":7,"minecraft:blackstone":33,"minecraft:twisting_vines_plant":4,"minecraft:smoker":13,"minecraft:crimson_nylium":4,"minecraft:amethyst_cluster":2,"minecraft:torch":36,"minecraft:calcite":1,"minecraft:poppy":1,"minecraft:glass":4,"minecraft:nether_quartz_ore":40,"minecraft:cobblestone":502,"minecraft:oak_planks":10,"minecraft:sugar_cane":315,"minecraft:wall_torch":82,"minecraft:amethyst_block":1,"minecraft:pink_petals":31,"minecraft:nether_wart_block":5,"neapolitan:small_banana_frond":1,"minecraft:birch_log":7,"minecraft:wheat":100,"minecraft:birch_trapdoor":11,"minecraft:black_bed":4,"travelersbackpack:pink_sleeping_bag":1,"minecraft:grass":28,"minecraft:oak_log":129,"minecraft:sand":53,"minecraft:dirt":352,"minecraft:stonecutter":1,"minecraft:red_mushroom_block":1,"minecraft:dispenser":4,"minecraft:netherrack":452,"minecraft:ancient_debris":1,"minecraft:oak_leaves":41,"minecraft:deepslate":998,"minecraft:nether_gold_ore":5,"minecraft:tuff":49,"minecraft:deepslate_diamond_ore":57,"minecraft:cherry_sapling":5,"minecraft:stripped_cherry_log":1,"minecraft:stripped_birch_log":2,"minecraft:lever":5,"minecraft:nether_bricks":1,"pamhc2crops:tropicalgarden":26,"minecraft:crimson_roots":5,"minecraft:redstone_wire":1,"travelersbackpack:white_sleeping_bag":10,"minecraft:birch_slab":7,"minecraft:crimson_stem":4,"untamedwilds:flora_yarrow":1,"minecraft:oak_trapdoor":3,"neapolitan:banana_bundle":1,"minecraft:furnace":14,"minecraft:carrots":15,"minecraft:andesite":3,"neapolitan:banana_stalk":6,"minecraft:potatoes":6,"minecraft:bookshelf":3,"minecraft:deepslate_iron_ore":120,"minecraft:cobblestone_slab":92,"minecraft:rail":1,"minecraft:stone":2550,"minecraft:white_wool":1,"minecraft:smithing_table":1,"minecraft:glass_pane":1,"minecraft:cherry_planks":4,"pamhc2crops:windygarden":19,"minecraft:dandelion":2,"neapolitan:strawberry_bush":49,"minecraft:basalt":2,"travelersbackpack:standard":11,"minecraft:crafting_table":11,"minecraft:dropper":3,"minecraft:sculk_sensor":1,"minecraft:lectern":55,"minecraft:copper_ore":24,"pamhc2crops:pamsoybeancrop":8,"minecraft:tall_grass":47,"minecraft:deepslate_gold_ore":20,"minecraft:sculk":2,"minecraft:diorite":2,"untamedwilds:trap_cage":16,"minecraft:cobblestone_wall":10,"minecraft:spruce_log":1,"minecraft:birch_leaves":4,"minecraft:coal_ore":353,"minecraft:cherry_leaves":7,"minecraft:gravel":83,"minecraft:cobweb":12,"minecraft:stone_bricks":4,"minecraft:gold_ore":2},"minecraft:dropped":{"minecraft:porkchop":8,"minecraft:dark_oak_stairs":3,"untamedwilds:material_fat":4,"minecraft:ender_pearl":1,"travelersbackpack:iron_tier_upgrade":1,"pamhc2foodcore:friedeggitem":20,"minecraft:flint":2,"minecraft:dirt":32,"minecraft:crimson_roots":2,"neapolitan:strawberries":5,"minecraft:bone_meal":1,"minecraft:polished_blackstone_bricks":6,"minecraft:iron_pickaxe":1,"minecraft:dark_oak_planks":1,"minecraft:bone":2,"minecraft:gravel":11,"minecraft:blackstone":11,"minecraft:golden_chestplate":2,"minecraft:cobbled_deepslate":80,"travelersbackpack:pink_sleeping_bag":1,"minecraft:rotten_flesh":2,"minecraft:oak_planks":2,"minecraft:carrot":6,"travelersbackpack:gold_tier_upgrade":1,"neapolitan:banana_frond":2,"minecraft:basalt":2,"minecraft:glass":4,"minecraft:crying_obsidian":4,"minecraft:netherrack":2,"minecraft:egg":1,"minecraft:bread":5,"minecraft:oak_slab":1,"minecraft:wheat_seeds":2,"minecraft:golden_horse_armor":3,"minecraft:diamond_leggings":1,"minecraft:feather":4,"minecraft:cobblestone":15,"minecraft:amethyst_block":1,"minecraft:copper_ingot":1,"minecraft:stick":2,"minecraft:blue_dye":1,"minecraft:cherry_planks":25,"minecraft:cooked_salmon":11,"minecraft:diamond_helmet":1,"tombstone:grave_dust":1,"minecraft:iron_axe":1,"minecraft:string":8,"untamedwilds:trap_cage":4,"minecraft:tuff":6,"minecraft:chicken":4,"minecraft:cobblestone_slab":1,"minecraft:andesite":2,"minecraft:stone_pickaxe":1,"minecraft:wooden_pickaxe":1,"minecraft:calcite":1},"minecraft:killed_by":{"midnightlurker:midnight_lurker_aggressive":1,"minecraft:wither_skeleton":1,"minecraft:skeleton":4},"minecraft:picked_up":{"pamhc2crops:cornitem":2,"minecraft:iron_chestplate":2,"minecraft:wheat":88,"pamhc2crops:elderberryitem":2,"minecraft:anvil":1,"minecraft:smithing_table":1,"minecraft:lead":1,"pamhc2crops:eggplantitem":1,"minecraft:potion":1,"minecraft:enchanted_book":3,"minecraft:nether_brick":20,"minecraft:brewing_stand":1,"minecraft:amethyst_block":1,"minecraft:string":22,"minecraft:raw_copper":81,"minecraft:cooked_salmon":2,"minecraft:iron_leggings":2,"neapolitan:banana_bunch":3,"minecraft:pufferfish":4,"minecraft:gold_nugget":19,"minecraft:cobbled_deepslate":1171,"minecraft:cobblestone_slab":145,"minecraft:calcite":1,"minecraft:iron_pickaxe":2,"neapolitan:strawberry_pips":49,"minecraft:furnace":15,"minecraft:iron_boots":1,"minecraft:stick":53,"minecraft:birch_trapdoor":11,"minecraft:oak_fence":6,"minecraft:torch":330,"minecraft:porkchop":90,"minecraft:cherry_log":17,"tombstone:grave_dust":1,"minecraft:diorite":3,"minecraft:stone_sword":1,"minecraft:light_gray_bed":4,"minecraft:rotten_flesh":14,"minecraft:tropical_fish":1,"pamhc2crops:peanutitem":1,"untamedwilds:trap_cage":18,"minecraft:blaze_rod":6,"untamedwilds:flora_yarrow":1,"minecraft:obsidian":2,"minecraft:cod":39,"minecraft:cobblestone":3049,"minecraft:enchanting_table":3,"minecraft:birch_log":9,"pamhc2crops:canolaitem":1,"minecraft:magma_block":1,"minecraft:pink_petals":85,"minecraft:feather":10,"minecraft:cooked_beef":30,"minecraft:magma_cream":1,"minecraft:cherry_planks":3,"minecraft:birch_slab":9,"minecraft:andesite":4,"minecraft:black_bed":4,"minecraft:smoker":13,"minecraft:potato":18,"minecraft:flint":17,"minecraft:tuff":49,"minecraft:lapis_lazuli":128,"minecraft:stripped_birch_log":3,"minecraft:dirt":446,"minecraft:twisting_vines":8,"minecraft:bone":44,"minecraft:stonecutter":1,"minecraft:bow":1,"minecraft:wheat_seeds":249,"minecraft:raw_gold":22,"minecraft:glowstone_dust":17,"minecraft:oak_planks":78,"minecraft:dropper":3,"minecraft:sand":53,"pamhc2crops:bokchoyitem":2,"minecraft:spectral_arrow":30,"neapolitan:strawberries":5,"travelersbackpack:white_sleeping_bag":1,"minecraft:dispenser":4,"minecraft:diamond":57,"minecraft:lever":6,"minecraft:cracked_polished_blackstone_bricks":2,"minecraft:granite":12,"minecraft:bone_meal":58,"pamhc2crops:coffeebeanitem":2,"minecraft:oak_sapling":1,"minecraft:netherrack":438,"minecraft:crimson_roots":3,"minecraft:crafting_table":16,"minecraft:azure_bluet":3,"minecraft:splash_potion":1,"minecraft:chicken":9,"minecraft:nether_wart":108,"pamhc2crops:grapeitem":2,"minecraft:stripped_cherry_log":1,"pamhc2crops:soybeanitem":25,"pamhc2crops:parsnipitem":1,"minecraft:shield":1,"travelersbackpack:pink_sleeping_bag":1,"minecraft:oak_trapdoor":3,"minecraft:red_bed":8,"minecraft:iron_axe":2,"neapolitan:banana_frond":26,"minecraft:blackstone":45,"minecraft:beef":160,"minecraft:light_gray_wool":3,"minecraft:poppy":1,"minecraft:lectern":55,"minecraft:sugar_cane":443,"minecraft:egg":9,"minecraft:raw_iron":294,"pamhc2crops:kiwiitem":7,"minecraft:fire_charge":2,"minecraft:polished_blackstone_bricks":8,"minecraft:carrot":58,"minecraft:redstone":79,"minecraft:dark_oak_planks":1,"neapolitan:banana_stalk":6,"minecraft:arrow":51,"minecraft:cooked_cod":27,"minecraft:nether_bricks":1,"pamhc2crops:bellpepperitem":3,"pamhc2crops:cantaloupeitem":1,"pamhc2crops:lettuceitem":1,"minecraft:saddle":1,"pamhc2crops:artichokeitem":1,"pamhc2crops:aloeitem":2,"minecraft:glow_berries":23,"minecraft:mutton":22,"minecraft:rail":1,"minecraft:white_wool":40,"minecraft:basalt":2,"minecraft:crimson_stem":4,"minecraft:salmon":14,"minecraft:leather":90,"pamhc2crops:barleyitem":2,"minecraft:birch_planks":84,"minecraft:cobblestone_wall":10,"minecraft:lily_pad":1,"minecraft:oak_log":166,"pamhc2crops:sunchokeitem":2,"minecraft:ancient_debris":1,"minecraft:nether_wart_block":5,"pamhc2crops:guaranaitem":1,"minecraft:cobbled_deepslate_stairs":1,"minecraft:gunpowder":2,"minecraft:cobblestone_stairs":6,"pamhc2crops:pineappleitem":2,"minecraft:cooked_mutton":9,"minecraft:stone_bricks":4,"untamedwilds:material_fat":4,"minecraft:iron_ingot":3,"minecraft:stone_pickaxe":7,"minecraft:cooked_chicken":1,"minecraft:soul_sand":19,"minecraft:dark_oak_stairs":3,"minecraft:book":9,"pamhc2crops:sesameseedsitem":3,"pamhc2crops:mustardseedsitem":4,"minecraft:pumpkin":14,"minecraft:quartz":40,"minecraft:dandelion":2,"minecraft:raw_iron_block":1,"minecraft:gravel":118,"pamhc2crops:taroitem":2,"minecraft:amethyst_shard":8,"pamhc2crops:calabashitem":2,"minecraft:white_bed":45,"minecraft:spruce_log":1,"minecraft:crying_obsidian":4,"minecraft:spider_eye":1,"travelersbackpack:standard":11,"minecraft:stone_axe":5,"minecraft:iron_helmet":2,"minecraft:cherry_sapling":10,"pamhc2crops:kenafitem":1,"minecraft:black_wool":3,"minecraft:coal":823,"minecraft:ender_pearl":2,"pamhc2crops:gingeritem":2},"minecraft:killed":{"minecraft:cave_spider":1,"minecraft:spider":3,"minecraft:skeleton":22,"minecraft:chicken":6,"minecraft:piglin_brute":2,"minecraft:magma_cube":9,"minecraft:piglin":5,"minecraft:pig":34,"untamedwilds:boar":3,"minecraft:creeper":5,"minecraft:sheep":15,"minecraft:trader_llama":2,"minecraft:goat":1,"minecraft:zombie":16,"minecraft:blaze":11,"minecraft:cow":75,"midnightlurker:midnight_lurker_aggressive":1,"minecraft:drowned":1,"untamedwilds:terror_bird":1,"minecraft:wandering_trader":1,"minecraft:hoglin":5,"untamedwilds:big_cat":1,"untamedwilds:spadefish":2,"minecraft:wither_skeleton":16,"minecraft:enderman":3},"minecraft:used":{"minecraft:cherry_sapling":9,"minecraft:iron_shovel":295,"travelersbackpack:lapis":1,"minecraft:dispenser":4,"minecraft:chest":16,"minecraft:shield":117,"minecraft:nether_wart":48,"untamedwilds:trap_cage":17,"minecraft:rotten_flesh":1,"minecraft:iron_chestplate":2,"minecraft:soul_sand":12,"minecraft:nether_bricks":1,"minecraft:carrot":23,"minecraft:tuff":1,"minecraft:obsidian":10,"minecraft:azure_bluet":1,"pamhc2crops:soybeanitem":3,"minecraft:glass":5,"minecraft:lantern":6,"minecraft:iron_helmet":2,"minecraft:birch_trapdoor":12,"minecraft:golden_sword":7,"minecraft:magma_block":1,"minecraft:bow":22,"minecraft:oak_sapling":1,"minecraft:cooked_cod":27,"minecraft:furnace":21,"minecraft:egg":2,"minecraft:potato":11,"untamedwilds:flora_yarrow":1,"pamhc2crops:canolaitem":1,"minecraft:diamond_boots":1,"minecraft:oak_planks":16,"minecraft:dropper":3,"minecraft:stone_pickaxe":300,"minecraft:stripped_birch_log":3,"minecraft:wooden_pickaxe":3,"minecraft:sugar_cane":65,"pamhc2foodcore:friedeggitem":139,"minecraft:white_wool":2,"minecraft:glow_berries":26,"tombstone:dust_of_vanishing":1,"minecraft:black_bed":4,"minecraft:cobbled_deepslate_stairs":5,"minecraft:lever":6,"neapolitan:banana_bunch":3,"minecraft:birch_slab":2,"minecraft:lectern":56,"tombstone:grave_key":3,"minecraft:gravel":7,"minecraft:diamond_sword":580,"minecraft:smithing_table":1,"minecraft:andesite":2,"minecraft:birch_log":3,"minecraft:stripped_cherry_log":1,"minecraft:bone_meal":155,"minecraft:oak_trapdoor":3,"minecraft:enchanting_table":4,"minecraft:flint_and_steel":1,"minecraft:armor_stand":2,"minecraft:stone_shovel":110,"minecraft:redstone":1,"minecraft:cooked_salmon":2,"minecraft:cooked_chicken":1,"minecraft:netherrack":417,"minecraft:torch":689,"minecraft:brewing_stand":1,"minecraft:dirt":215,"minecraft:anvil":1,"minecraft:hopper":18,"minecraft:cobblestone_wall":103,"minecraft:twisting_vines":3,"minecraft:diamond_helmet":1,"minecraft:golden_chestplate":1,"minecraft:granite":10,"minecraft:oak_fence_gate":1,"minecraft:iron_hoe":8,"minecraft:bookshelf":18,"minecraft:iron_axe":485,"minecraft:cherry_fence_gate":2,"minecraft:diamond_chestplate":3,"minecraft:glowstone":4,"minecraft:beef":2,"tombstone:gift":10,"minecraft:cooked_beef":25,"minecraft:cobbled_deepslate":490,"minecraft:light_gray_bed":4,"minecraft:iron_leggings":2,"minecraft:crimson_stem":2,"minecraft:wheat_seeds":176,"minecraft:cooked_mutton":11,"minecraft:water_bucket":222,"tombstone:scroll_of_knowledge":1,"minecraft:cobblestone_stairs":21,"minecraft:birch_planks":6,"pamhc2crops:cantaloupeitem":2,"minecraft:cherry_planks":6,"minecraft:cobblestone_slab":234,"minecraft:oak_slab":2,"minecraft:crafting_table":15,"minecraft:red_bed":9,"minecraft:white_bed":44,"minecraft:spruce_log":1,"minecraft:smoker":19,"minecraft:oak_log":5,"minecraft:diamond_pickaxe":4275,"neapolitan:banana_stalk":6,"minecraft:iron_pickaxe":1219,"neapolitan:banana_frond":24,"minecraft:stone_axe":60,"minecraft:pink_petals":76,"minecraft:fishing_rod":72,"minecraft:cobblestone":2106,"travelersbackpack:standard":42,"minecraft:cooked_porkchop":6,"minecraft:bucket":230,"pamhc2crops:mustardseedsitem":1,"minecraft:glass_pane":10,"minecraft:diamond_leggings":1,"minecraft:splash_potion":1},"minecraft:custom":{"minecraft:animals_bred":28,"minecraft:interact_with_crafting_table":185,"minecraft:leave_game":12,"minecraft:time_since_death":224903,"minecraft:sprint_one_cm":1812894,"minecraft:damage_blocked_by_shield":9045,"minecraft:drop":92,"minecraft:talked_to_villager":140,"minecraft:play_time":817562,"minecraft:deaths":9,"minecraft:jump":11582,"minecraft:interact_with_brewingstand":3,"minecraft:walk_on_water_one_cm":80914,"minecraft:interact_with_furnace":148,"minecraft:traded_with_villager":2,"minecraft:sleep_in_bed":29,"minecraft:damage_dealt":35506,"minecraft:crouch_one_cm":237372,"tombstone:undead_killed":22,"minecraft:interact_with_smoker":85,"minecraft:inspect_dispenser":7,"minecraft:interact_with_smithing_table":11,"minecraft:inspect_dropper":5,"minecraft:interact_with_anvil":6,"minecraft:mob_kills":246,"tombstone:use_vanishing":1,"minecraft:climb_one_cm":16139,"minecraft:walk_one_cm":1752784,"minecraft:sneak_time":83521,"minecraft:walk_under_water_one_cm":37203,"minecraft:total_world_time":817562,"minecraft:interact_with_stonecutter":2,"minecraft:time_since_rest":0,"minecraft:damage_taken":11589,"minecraft:swim_one_cm":114430,"minecraft:fly_one_cm":1843116,"minecraft:open_chest":659,"minecraft:fish_caught":46,"minecraft:fall_one_cm":342282}},"DataVersion":3465}