{"stats":{"minecraft:killed":{"minecraft:cave_spider":1,"minecraft:spider":3,"minecraft:skeleton":14,"minecraft:chicken":3,"minecraft:pig":8,"minecraft:creeper":4,"minecraft:sheep":5,"minecraft:zombie":14,"minecraft:cow":15},"minecraft:picked_up":{"minecraft:crafting_table":13,"minecraft:iron_chestplate":2,"minecraft:chicken":3,"minecraft:enchanted_book":3,"minecraft:shield":1,"minecraft:amethyst_block":1,"minecraft:string":14,"minecraft:red_bed":1,"minecraft:raw_copper":23,"minecraft:iron_axe":2,"minecraft:cooked_salmon":2,"minecraft:iron_leggings":1,"minecraft:pufferfish":4,"minecraft:cobbled_deepslate":1131,"minecraft:beef":31,"minecraft:cobblestone_slab":1,"minecraft:calcite":1,"minecraft:poppy":1,"minecraft:iron_pickaxe":2,"minecraft:furnace":15,"minecraft:iron_boots":1,"minecraft:egg":6,"minecraft:stick":50,"minecraft:raw_iron":294,"minecraft:oak_fence":6,"minecraft:torch":222,"minecraft:porkchop":13,"minecraft:diorite":3,"minecraft:redstone":78,"minecraft:arrow":38,"minecraft:rotten_flesh":12,"minecraft:cooked_cod":27,"minecraft:tropical_fish":1,"minecraft:saddle":1,"minecraft:rail":1,"minecraft:mutton":8,"minecraft:cod":39,"minecraft:white_wool":6,"minecraft:cobblestone":825,"minecraft:feather":4,"minecraft:cooked_beef":4,"minecraft:andesite":3,"minecraft:salmon":14,"minecraft:leather":23,"minecraft:smoker":1,"minecraft:potato":1,"minecraft:flint":2,"minecraft:tuff":49,"minecraft:oak_log":166,"minecraft:lily_pad":1,"minecraft:gunpowder":1,"minecraft:cobblestone_stairs":1,"minecraft:lapis_lazuli":128,"minecraft:dirt":139,"minecraft:cooked_mutton":9,"minecraft:bone":17,"minecraft:bow":1,"minecraft:raw_gold":22,"minecraft:stone_pickaxe":7,"minecraft:iron_ingot":3,"minecraft:cooked_chicken":1,"minecraft:oak_planks":54,"minecraft:raw_iron_block":1,"minecraft:gravel":8,"minecraft:amethyst_shard":8,"minecraft:white_bed":4,"minecraft:spider_eye":1,"travelersbackpack:white_sleeping_bag":1,"travelersbackpack:standard":4,"minecraft:diamond":57,"minecraft:stone_axe":5,"minecraft:iron_helmet":1,"minecraft:granite":12,"minecraft:oak_sapling":1,"minecraft:coal":649},"minecraft:custom":{"minecraft:interact_with_smithing_table":6,"minecraft:mob_kills":69,"minecraft:animals_bred":1,"minecraft:interact_with_crafting_table":82,"minecraft:leave_game":7,"minecraft:time_since_death":180506,"minecraft:sprint_one_cm":703939,"minecraft:walk_one_cm":476096,"minecraft:damage_blocked_by_shield":3120,"minecraft:drop":27,"minecraft:play_time":308225,"minecraft:sneak_time":47692,"minecraft:deaths":6,"minecraft:walk_under_water_one_cm":7517,"minecraft:jump":4808,"minecraft:walk_on_water_one_cm":18952,"minecraft:total_world_time":308225,"minecraft:interact_with_furnace":118,"minecraft:sleep_in_bed":8,"minecraft:time_since_rest":16358,"minecraft:damage_taken":5858,"minecraft:damage_dealt":10426,"minecraft:swim_one_cm":44891,"minecraft:fly_one_cm":649783,"minecraft:open_chest":163,"minecraft:crouch_one_cm":117584,"minecraft:fish_caught":46,"minecraft:interact_with_smoker":31,"minecraft:fall_one_cm":153010},"minecraft:dropped":{"minecraft:cobblestone":9,"minecraft:amethyst_block":1,"travelersbackpack:iron_tier_upgrade":1,"minecraft:copper_ingot":1,"minecraft:flint":2,"minecraft:stick":2,"minecraft:cooked_salmon":11,"minecraft:iron_axe":1,"minecraft:iron_pickaxe":1,"minecraft:bone":1,"minecraft:cobbled_deepslate":80,"minecraft:tuff":6,"minecraft:oak_planks":2,"travelersbackpack:gold_tier_upgrade":1,"minecraft:cobblestone_slab":1,"minecraft:andesite":2,"minecraft:wooden_pickaxe":1,"minecraft:glass":4,"minecraft:stone_pickaxe":1,"minecraft:calcite":1},"minecraft:crafted":{"minecraft:oak_planks":356,"minecraft:raw_iron":9,"minecraft:cobblestone_slab":42,"minecraft:fishing_rod":1,"minecraft:cooked_chicken":3,"minecraft:furnace":14,"minecraft:cobblestone_stairs":8,"travelersbackpack:blank_upgrade":4,"travelersbackpack:gold_tier_upgrade":2,"minecraft:cooked_mutton":14,"minecraft:glass":27,"minecraft:hopper":18,"travelersbackpack:white_sleeping_bag":1,"minecraft:iron_boots":1,"minecraft:iron_axe":2,"minecraft:iron_hoe":1,"minecraft:stone_pickaxe":3,"minecraft:chest":30,"minecraft:diamond_boots":1,"pamhc2foodcore:friedeggitem":10,"minecraft:smoker":6,"minecraft:cooked_beef":18,"minecraft:red_dye":1,"minecraft:cooked_cod":27,"travelersbackpack:iron_tier_upgrade":2,"minecraft:diamond_sword":1,"minecraft:cooked_porkchop":18,"minecraft:crafting_table":2,"travelersbackpack:backpack_tank":4,"travelersbackpack:standard":2,"minecraft:wooden_pickaxe":1,"minecraft:iron_helmet":1,"minecraft:red_bed":1,"minecraft:smithing_table":1,"minecraft:cooked_salmon":14,"minecraft:copper_ingot":2,"minecraft:bucket":1,"minecraft:stone_axe":1,"minecraft:air":0,"minecraft:oak_fence_gate":1,"pamhc2foodcore:skilletitem":1,"minecraft:iron_chestplate":1,"minecraft:diamond_pickaxe":1,"minecraft:shield":2,"minecraft:stick":172,"minecraft:iron_ingot":227,"minecraft:iron_pickaxe":5,"minecraft:iron_leggings":1,"minecraft:gold_ingot":21,"minecraft:torch":448,"minecraft:diamond_chestplate":1},"minecraft:mined":{"minecraft:tuff":49,"minecraft:white_bed":3,"minecraft:deepslate_diamond_ore":57,"minecraft:sculk_vein":5,"minecraft:cobblestone_stairs":1,"minecraft:granite":12,"minecraft:grass_block":17,"travelersbackpack:white_sleeping_bag":3,"minecraft:spawner":2,"minecraft:raw_iron_block":1,"minecraft:furnace":14,"minecraft:iron_ore":144,"minecraft:cobbled_deepslate":57,"minecraft:andesite":2,"minecraft:deepslate_lapis_ore":23,"minecraft:cave_vines":1,"minecraft:rail":1,"minecraft:deepslate_iron_ore":120,"minecraft:cobblestone_slab":1,"minecraft:stone":735,"minecraft:white_wool":1,"minecraft:deepslate_redstone_ore":17,"minecraft:smoker":1,"minecraft:amethyst_cluster":2,"travelersbackpack:standard":4,"minecraft:crafting_table":8,"minecraft:torch":13,"minecraft:calcite":1,"minecraft:poppy":1,"minecraft:sculk_sensor":1,"minecraft:copper_ore":7,"minecraft:cobblestone":75,"minecraft:deepslate_gold_ore":20,"minecraft:sculk":2,"minecraft:diorite":2,"minecraft:wall_torch":25,"minecraft:amethyst_block":1,"minecraft:birch_leaves":1,"minecraft:oak_log":129,"minecraft:coal_ore":255,"minecraft:gravel":9,"minecraft:dirt":137,"minecraft:cobweb":12,"minecraft:gold_ore":2,"minecraft:oak_leaves":26,"minecraft:deepslate":998},"minecraft:killed_by":{"minecraft:skeleton":4},"minecraft:broken":{"minecraft:stone_pickaxe":1,"minecraft:shield":1,"minecraft:iron_pickaxe":4},"minecraft:used":{"minecraft:stone_shovel":110,"minecraft:chest":10,"minecraft:shield":46,"minecraft:cooked_salmon":2,"minecraft:cooked_chicken":1,"minecraft:rotten_flesh":1,"minecraft:iron_chestplate":2,"minecraft:torch":433,"minecraft:dirt":20,"minecraft:hopper":18,"minecraft:tuff":1,"minecraft:granite":10,"minecraft:oak_fence_gate":1,"minecraft:iron_hoe":2,"minecraft:iron_axe":256,"minecraft:iron_helmet":2,"minecraft:golden_sword":7,"minecraft:beef":2,"minecraft:oak_sapling":1,"minecraft:furnace":21,"minecraft:cooked_cod":27,"minecraft:egg":1,"minecraft:cooked_beef":23,"minecraft:cobbled_deepslate":348,"minecraft:iron_leggings":2,"minecraft:cooked_mutton":10,"minecraft:water_bucket":2,"minecraft:cobblestone_stairs":9,"minecraft:stone_pickaxe":300,"minecraft:oak_planks":12,"minecraft:wooden_pickaxe":3,"minecraft:cobblestone_slab":22,"pamhc2foodcore:friedeggitem":10,"minecraft:white_wool":2,"minecraft:glow_berries":3,"minecraft:crafting_table":9,"minecraft:red_bed":2,"minecraft:white_bed":3,"minecraft:smoker":7,"minecraft:oak_log":5,"minecraft:diamond_pickaxe":1134,"minecraft:iron_pickaxe":1219,"minecraft:gravel":1,"minecraft:stone_axe":60,"minecraft:diamond_sword":66,"minecraft:fishing_rod":72,"travelersbackpack:standard":25,"minecraft:cobblestone":437,"minecraft:cooked_porkchop":6,"minecraft:smithing_table":1,"minecraft:bucket":3,"minecraft:andesite":1}},"DataVersion":3465}