{"stats":{"minecraft:killed":{"minecraft:cave_spider":1,"minecraft:spider":3,"minecraft:skeleton":17,"minecraft:chicken":3,"minecraft:pig":17,"minecraft:creeper":4,"minecraft:sheep":5,"minecraft:zombie":16,"minecraft:cow":28,"untamedwilds:spadefish":2},"minecraft:mined":{"minecraft:dark_oak_planks":1,"minecraft:white_bed":3,"minecraft:cobbled_deepslate_stairs":1,"minecraft:cherry_log":17,"minecraft:cobblestone_stairs":1,"minecraft:sculk_vein":5,"minecraft:cave_vines_plant":1,"minecraft:granite":12,"minecraft:grass_block":35,"minecraft:spawner":2,"minecraft:raw_iron_block":1,"minecraft:iron_ore":144,"minecraft:cobbled_deepslate":83,"minecraft:pumpkin":14,"minecraft:deepslate_lapis_ore":23,"minecraft:azure_bluet":3,"minecraft:dark_oak_stairs":3,"minecraft:enchanting_table":2,"minecraft:cave_vines":2,"minecraft:deepslate_redstone_ore":17,"minecraft:red_bed":1,"minecraft:smoker":1,"minecraft:amethyst_cluster":2,"minecraft:torch":32,"minecraft:calcite":1,"minecraft:poppy":1,"minecraft:cobblestone":345,"minecraft:sugar_cane":193,"minecraft:oak_planks":10,"minecraft:wall_torch":72,"minecraft:amethyst_block":1,"minecraft:pink_petals":31,"minecraft:birch_log":1,"minecraft:wheat":1,"minecraft:grass":24,"minecraft:oak_log":129,"minecraft:dirt":276,"minecraft:dispenser":4,"minecraft:oak_leaves":34,"minecraft:deepslate":998,"minecraft:tuff":49,"minecraft:deepslate_diamond_ore":57,"minecraft:stripped_birch_log":2,"minecraft:cherry_sapling":5,"minecraft:stripped_cherry_log":1,"minecraft:lever":5,"pamhc2crops:tropicalgarden":26,"minecraft:redstone_wire":1,"travelersbackpack:white_sleeping_bag":8,"minecraft:birch_slab":7,"minecraft:furnace":14,"minecraft:andesite":2,"minecraft:cobblestone_slab":91,"minecraft:deepslate_iron_ore":120,"minecraft:rail":1,"minecraft:stone":2262,"minecraft:white_wool":1,"minecraft:glass_pane":1,"minecraft:cherry_planks":4,"pamhc2crops:windygarden":19,"neapolitan:strawberry_bush":49,"minecraft:dandelion":2,"travelersbackpack:standard":9,"minecraft:crafting_table":9,"minecraft:dropper":3,"minecraft:sculk_sensor":1,"minecraft:tall_grass":45,"minecraft:copper_ore":23,"minecraft:deepslate_gold_ore":20,"minecraft:sculk":2,"minecraft:diorite":2,"untamedwilds:trap_cage":9,"minecraft:cobblestone_wall":10,"minecraft:birch_leaves":4,"minecraft:coal_ore":325,"minecraft:cherry_leaves":7,"minecraft:gravel":52,"minecraft:cobweb":12,"minecraft:gold_ore":2},"minecraft:custom":{"minecraft:animals_bred":3,"minecraft:interact_with_crafting_table":117,"minecraft:leave_game":9,"minecraft:time_since_death":359939,"minecraft:sprint_one_cm":1140578,"minecraft:damage_blocked_by_shield":3240,"minecraft:drop":38,"minecraft:talked_to_villager":1,"minecraft:play_time":487658,"minecraft:deaths":6,"minecraft:jump":7102,"minecraft:walk_on_water_one_cm":61578,"minecraft:interact_with_furnace":141,"minecraft:sleep_in_bed":18,"minecraft:damage_dealt":13935,"minecraft:crouch_one_cm":146431,"minecraft:interact_with_smoker":55,"minecraft:inspect_dispenser":7,"minecraft:interact_with_smithing_table":8,"minecraft:inspect_dropper":5,"minecraft:mob_kills":98,"minecraft:climb_one_cm":599,"minecraft:walk_one_cm":1076134,"minecraft:sneak_time":59051,"minecraft:walk_under_water_one_cm":19061,"minecraft:total_world_time":487658,"minecraft:time_since_rest":2342,"minecraft:damage_taken":6649,"minecraft:swim_one_cm":77957,"minecraft:fly_one_cm":1117728,"minecraft:open_chest":295,"minecraft:fish_caught":46,"minecraft:fall_one_cm":218090},"minecraft:used":{"minecraft:cherry_sapling":9,"minecraft:iron_shovel":168,"minecraft:dispenser":4,"minecraft:chest":10,"minecraft:shield":48,"untamedwilds:trap_cage":9,"minecraft:rotten_flesh":1,"minecraft:iron_chestplate":2,"minecraft:tuff":1,"minecraft:azure_bluet":1,"minecraft:obsidian":10,"minecraft:lantern":6,"minecraft:iron_helmet":2,"minecraft:golden_sword":7,"minecraft:cooked_cod":27,"minecraft:oak_sapling":1,"minecraft:furnace":21,"minecraft:egg":1,"pamhc2crops:canolaitem":1,"minecraft:diamond_boots":1,"minecraft:dropper":3,"minecraft:stripped_birch_log":3,"minecraft:oak_planks":14,"minecraft:stone_pickaxe":300,"minecraft:wooden_pickaxe":3,"minecraft:sugar_cane":64,"pamhc2foodcore:friedeggitem":40,"minecraft:white_wool":2,"minecraft:glow_berries":18,"minecraft:cobbled_deepslate_stairs":5,"minecraft:lever":6,"minecraft:birch_slab":2,"minecraft:gravel":7,"minecraft:diamond_sword":165,"minecraft:smithing_table":1,"minecraft:andesite":1,"minecraft:birch_log":3,"minecraft:stripped_cherry_log":1,"minecraft:bone_meal":40,"minecraft:enchanting_table":2,"minecraft:flint_and_steel":1,"minecraft:armor_stand":2,"minecraft:stone_shovel":110,"minecraft:redstone":1,"minecraft:cooked_salmon":2,"minecraft:cooked_chicken":1,"minecraft:torch":603,"minecraft:dirt":148,"minecraft:hopper":18,"minecraft:cobblestone_wall":103,"minecraft:diamond_helmet":1,"minecraft:granite":10,"minecraft:oak_fence_gate":1,"minecraft:iron_hoe":2,"minecraft:iron_axe":386,"minecraft:cherry_fence_gate":2,"minecraft:diamond_chestplate":1,"minecraft:beef":2,"minecraft:cooked_beef":25,"minecraft:cobbled_deepslate":490,"minecraft:iron_leggings":2,"minecraft:wheat_seeds":4,"minecraft:cooked_mutton":11,"minecraft:water_bucket":172,"minecraft:cobblestone_stairs":15,"minecraft:birch_planks":6,"pamhc2crops:cantaloupeitem":2,"minecraft:cherry_planks":6,"minecraft:cobblestone_slab":229,"minecraft:crafting_table":11,"minecraft:red_bed":3,"minecraft:white_bed":3,"minecraft:smoker":7,"minecraft:oak_log":5,"minecraft:diamond_pickaxe":3182,"minecraft:iron_pickaxe":1219,"minecraft:stone_axe":60,"minecraft:pink_petals":76,"minecraft:fishing_rod":72,"minecraft:cobblestone":1370,"travelersbackpack:standard":35,"minecraft:cooked_porkchop":6,"pamhc2crops:mustardseedsitem":1,"minecraft:bucket":180,"minecraft:glass_pane":10,"minecraft:diamond_leggings":1},"minecraft:killed_by":{"minecraft:skeleton":4},"minecraft:dropped":{"minecraft:dark_oak_stairs":3,"travelersbackpack:iron_tier_upgrade":1,"minecraft:flint":2,"minecraft:dirt":32,"minecraft:iron_pickaxe":1,"minecraft:dark_oak_planks":1,"minecraft:bone":1,"minecraft:cobbled_deepslate":80,"minecraft:rotten_flesh":2,"minecraft:oak_planks":2,"travelersbackpack:gold_tier_upgrade":1,"minecraft:glass":4,"minecraft:egg":1,"minecraft:wheat_seeds":1,"minecraft:diamond_leggings":1,"minecraft:cobblestone":9,"minecraft:amethyst_block":1,"minecraft:copper_ingot":1,"minecraft:stick":2,"minecraft:cherry_planks":25,"minecraft:cooked_salmon":11,"minecraft:diamond_helmet":1,"minecraft:iron_axe":1,"minecraft:tuff":6,"minecraft:cobblestone_slab":1,"minecraft:andesite":2,"minecraft:stone_pickaxe":1,"minecraft:wooden_pickaxe":1,"minecraft:calcite":1},"minecraft:picked_up":{"pamhc2crops:cornitem":2,"minecraft:iron_chestplate":2,"minecraft:wheat":2,"pamhc2crops:elderberryitem":2,"pamhc2crops:eggplantitem":1,"minecraft:enchanted_book":3,"minecraft:amethyst_block":1,"minecraft:string":14,"minecraft:raw_copper":78,"minecraft:cooked_salmon":2,"minecraft:iron_leggings":2,"minecraft:pufferfish":4,"minecraft:cobbled_deepslate":1171,"minecraft:cobblestone_slab":144,"minecraft:calcite":1,"minecraft:iron_pickaxe":2,"neapolitan:strawberry_pips":49,"minecraft:furnace":15,"minecraft:iron_boots":1,"minecraft:stick":53,"minecraft:oak_fence":6,"minecraft:torch":313,"minecraft:porkchop":29,"minecraft:cherry_log":17,"minecraft:diorite":3,"minecraft:rotten_flesh":14,"minecraft:tropical_fish":1,"pamhc2crops:peanutitem":1,"untamedwilds:trap_cage":9,"minecraft:cod":39,"minecraft:cobblestone":2617,"minecraft:birch_log":3,"pamhc2crops:canolaitem":1,"minecraft:enchanting_table":2,"minecraft:pink_petals":85,"minecraft:feather":4,"minecraft:cooked_beef":4,"minecraft:cherry_planks":3,"minecraft:birch_slab":9,"minecraft:andesite":3,"minecraft:smoker":1,"minecraft:potato":1,"minecraft:flint":11,"minecraft:tuff":49,"minecraft:stripped_birch_log":3,"minecraft:lapis_lazuli":128,"minecraft:dirt":371,"minecraft:bone":20,"minecraft:bow":1,"minecraft:wheat_seeds":12,"minecraft:raw_gold":22,"minecraft:oak_planks":76,"minecraft:dropper":3,"pamhc2crops:bokchoyitem":2,"travelersbackpack:white_sleeping_bag":1,"minecraft:dispenser":4,"minecraft:diamond":57,"minecraft:lever":6,"minecraft:granite":12,"minecraft:bone_meal":57,"pamhc2crops:coffeebeanitem":2,"minecraft:oak_sapling":1,"minecraft:crafting_table":14,"minecraft:azure_bluet":3,"minecraft:chicken":3,"pamhc2crops:grapeitem":2,"minecraft:stripped_cherry_log":1,"pamhc2crops:soybeanitem":1,"pamhc2crops:parsnipitem":1,"minecraft:shield":1,"minecraft:red_bed":2,"minecraft:iron_axe":2,"minecraft:beef":57,"minecraft:poppy":1,"minecraft:sugar_cane":218,"minecraft:egg":7,"minecraft:raw_iron":294,"pamhc2crops:kiwiitem":2,"minecraft:redstone":79,"minecraft:dark_oak_planks":1,"minecraft:arrow":41,"minecraft:cooked_cod":27,"pamhc2crops:bellpepperitem":3,"pamhc2crops:cantaloupeitem":1,"pamhc2crops:lettuceitem":1,"minecraft:saddle":1,"pamhc2crops:artichokeitem":1,"pamhc2crops:aloeitem":2,"minecraft:glow_berries":15,"minecraft:mutton":8,"minecraft:white_wool":6,"minecraft:rail":1,"minecraft:salmon":14,"minecraft:leather":38,"pamhc2crops:barleyitem":2,"minecraft:birch_planks":58,"minecraft:lily_pad":1,"minecraft:oak_log":166,"pamhc2crops:sunchokeitem":2,"minecraft:gunpowder":1,"minecraft:cobbled_deepslate_stairs":1,"pamhc2crops:guaranaitem":1,"minecraft:cobblestone_wall":10,"minecraft:cobblestone_stairs":1,"pamhc2crops:pineappleitem":2,"minecraft:cooked_mutton":9,"minecraft:iron_ingot":3,"minecraft:stone_pickaxe":7,"minecraft:cooked_chicken":1,"minecraft:dark_oak_stairs":3,"pamhc2crops:sesameseedsitem":3,"pamhc2crops:mustardseedsitem":4,"minecraft:pumpkin":14,"minecraft:dandelion":2,"minecraft:raw_iron_block":1,"minecraft:gravel":41,"pamhc2crops:taroitem":2,"minecraft:amethyst_shard":8,"pamhc2crops:calabashitem":2,"minecraft:white_bed":4,"minecraft:spider_eye":1,"travelersbackpack:standard":9,"minecraft:stone_axe":5,"minecraft:iron_helmet":2,"minecraft:cherry_sapling":10,"pamhc2crops:kenafitem":1,"minecraft:coal":718,"pamhc2crops:gingeritem":2},"minecraft:broken":{"minecraft:stone_pickaxe":1,"minecraft:diamond_pickaxe":2,"minecraft:shield":1,"minecraft:iron_axe":1,"minecraft:iron_pickaxe":4},"minecraft:crafted":{"minecraft:oak_planks":396,"minecraft:smooth_stone":13,"minecraft:cobblestone_slab":294,"untamedwilds:trap_cage":4,"minecraft:cooked_chicken":3,"minecraft:stone":44,"minecraft:cobblestone_stairs":16,"minecraft:lever":1,"minecraft:cooked_mutton":17,"minecraft:iron_bars":16,"minecraft:glass":45,"minecraft:hopper":18,"minecraft:diamond_helmet":2,"minecraft:diamond_leggings":2,"minecraft:iron_boots":1,"minecraft:chest":30,"minecraft:smoker":6,"minecraft:dropper":1,"travelersbackpack:iron_tier_upgrade":2,"minecraft:cooked_porkchop":37,"minecraft:crafting_table":2,"travelersbackpack:standard":2,"minecraft:wooden_pickaxe":1,"minecraft:iron_helmet":1,"minecraft:smithing_table":1,"minecraft:copper_ingot":2,"minecraft:dispenser":1,"pamhc2foodcore:skilletitem":1,"minecraft:iron_chestplate":1,"minecraft:book":1,"minecraft:paper":153,"minecraft:diamond_pickaxe":3,"minecraft:shield":2,"minecraft:stick":224,"minecraft:iron_ingot":273,"minecraft:iron_pickaxe":5,"minecraft:gold_ingot":21,"minecraft:cherry_planks":68,"minecraft:raw_iron":9,"minecraft:fishing_rod":1,"minecraft:smooth_stone_slab":24,"minecraft:iron_nugget":54,"minecraft:furnace":14,"minecraft:bone_meal":45,"travelersbackpack:blank_upgrade":4,"travelersbackpack:gold_tier_upgrade":2,"minecraft:glass_pane":16,"minecraft:flint_and_steel":1,"minecraft:lantern":6,"travelersbackpack:white_sleeping_bag":1,"minecraft:iron_axe":3,"minecraft:iron_hoe":1,"minecraft:stone_pickaxe":3,"minecraft:cobblestone_wall":192,"minecraft:diamond_boots":1,"minecraft:cobbled_deepslate_stairs":4,"pamhc2foodcore:friedeggitem":97,"minecraft:cherry_fence_gate":2,"minecraft:cooked_beef":70,"minecraft:red_dye":1,"minecraft:cooked_cod":27,"minecraft:diamond_sword":1,"minecraft:enchanting_table":1,"travelersbackpack:backpack_tank":4,"minecraft:red_bed":1,"minecraft:cooked_salmon":14,"minecraft:bucket":1,"minecraft:stone_axe":1,"minecraft:air":0,"minecraft:oak_fence_gate":1,"minecraft:birch_trapdoor":6,"minecraft:iron_shovel":1,"minecraft:iron_leggings":1,"minecraft:armor_stand":2,"minecraft:torch":552,"minecraft:diamond_chestplate":1}},"DataVersion":3465}