{"stats":{"minecraft:crafted":{"minecraft:oak_planks":396,"minecraft:smooth_stone":13,"minecraft:cobblestone_slab":294,"untamedwilds:trap_cage":4,"minecraft:blaze_powder":6,"minecraft:cooked_chicken":3,"minecraft:stone":49,"minecraft:cobblestone_stairs":16,"minecraft:lever":1,"minecraft:bookshelf":11,"minecraft:cooked_mutton":17,"minecraft:iron_bars":16,"minecraft:glass":45,"minecraft:hopper":18,"minecraft:diamond_helmet":2,"minecraft:diamond_leggings":2,"minecraft:iron_boots":1,"minecraft:chest":34,"minecraft:netherite_upgrade_smithing_template":4,"minecraft:smoker":6,"minecraft:dropper":1,"travelersbackpack:iron_tier_upgrade":2,"minecraft:cooked_porkchop":37,"minecraft:crafting_table":3,"travelersbackpack:standard":2,"minecraft:iron_helmet":1,"minecraft:wooden_pickaxe":1,"minecraft:smithing_table":1,"minecraft:copper_ingot":2,"minecraft:brewing_stand":1,"minecraft:dispenser":1,"pamhc2foodcore:skilletitem":1,"minecraft:iron_chestplate":1,"minecraft:book":32,"minecraft:paper":153,"minecraft:diamond_pickaxe":3,"minecraft:shield":8,"minecraft:stick":224,"minecraft:iron_ingot":273,"minecraft:iron_pickaxe":5,"minecraft:iron_block":3,"minecraft:gold_ingot":39,"minecraft:netherite_ingot":1,"minecraft:cherry_planks":68,"minecraft:raw_iron":9,"minecraft:fishing_rod":1,"minecraft:smooth_stone_slab":24,"minecraft:iron_nugget":54,"minecraft:furnace":14,"minecraft:bone_meal":135,"travelersbackpack:blank_upgrade":4,"travelersbackpack:gold_tier_upgrade":2,"minecraft:glass_pane":16,"minecraft:flint_and_steel":1,"minecraft:lantern":6,"travelersbackpack:white_sleeping_bag":1,"minecraft:iron_axe":3,"minecraft:iron_hoe":1,"minecraft:stone_pickaxe":3,"minecraft:cobblestone_wall":192,"minecraft:diamond_boots":1,"minecraft:cobbled_deepslate_stairs":4,"pamhc2foodcore:friedeggitem":193,"minecraft:netherite_scrap":4,"minecraft:cherry_fence_gate":2,"minecraft:cooked_beef":70,"minecraft:red_dye":1,"minecraft:cooked_cod":27,"minecraft:crimson_planks":8,"minecraft:diamond_sword":1,"minecraft:enchanting_table":1,"travelersbackpack:backpack_tank":4,"minecraft:red_bed":1,"minecraft:cooked_salmon":14,"minecraft:bucket":1,"minecraft:stone_axe":1,"minecraft:glowstone":4,"minecraft:air":0,"minecraft:oak_fence_gate":1,"minecraft:birch_trapdoor":6,"minecraft:iron_shovel":1,"minecraft:iron_leggings":1,"minecraft:armor_stand":2,"minecraft:anvil":1,"minecraft:torch":552,"minecraft:diamond_chestplate":1},"minecraft:broken":{"minecraft:iron_shovel":1,"minecraft:stone_pickaxe":1,"minecraft:diamond_pickaxe":2,"minecraft:shield":2,"minecraft:iron_axe":1,"minecraft:iron_pickaxe":4},"minecraft:mined":{"minecraft:dark_oak_planks":1,"minecraft:white_bed":3,"minecraft:cobbled_deepslate_stairs":1,"minecraft:cobblestone_stairs":5,"minecraft:sculk_vein":5,"minecraft:cherry_log":17,"minecraft:cave_vines_plant":1,"minecraft:granite":12,"minecraft:grass_block":35,"minecraft:cracked_polished_blackstone_bricks":6,"minecraft:nether_wart":19,"minecraft:spawner":2,"minecraft:polished_blackstone_bricks":15,"minecraft:raw_iron_block":1,"minecraft:glowstone":9,"minecraft:iron_ore":144,"minecraft:cobbled_deepslate":83,"minecraft:fire":13,"minecraft:pumpkin":14,"minecraft:deepslate_lapis_ore":23,"minecraft:azure_bluet":3,"minecraft:enchanting_table":3,"minecraft:dark_oak_stairs":3,"minecraft:twisting_vines":2,"minecraft:cave_vines":3,"minecraft:deepslate_redstone_ore":17,"minecraft:red_bed":1,"minecraft:blackstone":33,"minecraft:twisting_vines_plant":4,"minecraft:smoker":1,"minecraft:crimson_nylium":4,"minecraft:amethyst_cluster":2,"minecraft:torch":35,"minecraft:calcite":1,"minecraft:poppy":1,"minecraft:nether_quartz_ore":40,"minecraft:cobblestone":388,"minecraft:oak_planks":10,"minecraft:sugar_cane":193,"minecraft:wall_torch":74,"minecraft:amethyst_block":1,"minecraft:pink_petals":31,"minecraft:nether_wart_block":5,"minecraft:birch_log":1,"minecraft:wheat":43,"minecraft:grass":24,"minecraft:oak_log":129,"minecraft:sand":53,"minecraft:dirt":284,"minecraft:dispenser":4,"minecraft:netherrack":447,"minecraft:ancient_debris":1,"minecraft:oak_leaves":34,"minecraft:deepslate":998,"minecraft:nether_gold_ore":5,"minecraft:tuff":49,"minecraft:deepslate_diamond_ore":57,"minecraft:cherry_sapling":5,"minecraft:stripped_cherry_log":1,"minecraft:stripped_birch_log":2,"minecraft:lever":5,"minecraft:nether_bricks":1,"pamhc2crops:tropicalgarden":26,"minecraft:crimson_roots":5,"minecraft:redstone_wire":1,"travelersbackpack:white_sleeping_bag":8,"minecraft:birch_slab":7,"minecraft:crimson_stem":4,"minecraft:furnace":14,"minecraft:andesite":2,"minecraft:bookshelf":1,"minecraft:deepslate_iron_ore":120,"minecraft:cobblestone_slab":92,"minecraft:rail":1,"minecraft:stone":2296,"minecraft:white_wool":1,"minecraft:glass_pane":1,"minecraft:cherry_planks":4,"pamhc2crops:windygarden":19,"minecraft:dandelion":2,"neapolitan:strawberry_bush":49,"minecraft:basalt":2,"travelersbackpack:standard":9,"minecraft:crafting_table":11,"minecraft:dropper":3,"minecraft:sculk_sensor":1,"minecraft:copper_ore":24,"pamhc2crops:pamsoybeancrop":3,"minecraft:tall_grass":45,"minecraft:deepslate_gold_ore":20,"minecraft:sculk":2,"minecraft:diorite":2,"untamedwilds:trap_cage":9,"minecraft:cobblestone_wall":10,"minecraft:birch_leaves":4,"minecraft:coal_ore":325,"minecraft:cherry_leaves":7,"minecraft:gravel":83,"minecraft:cobweb":12,"minecraft:stone_bricks":4,"minecraft:gold_ore":2},"minecraft:dropped":{"minecraft:porkchop":8,"minecraft:dark_oak_stairs":3,"minecraft:ender_pearl":1,"travelersbackpack:iron_tier_upgrade":1,"pamhc2foodcore:friedeggitem":20,"minecraft:flint":2,"minecraft:dirt":32,"minecraft:crimson_roots":2,"minecraft:polished_blackstone_bricks":6,"minecraft:iron_pickaxe":1,"minecraft:dark_oak_planks":1,"minecraft:bone":1,"minecraft:gravel":11,"minecraft:blackstone":11,"minecraft:golden_chestplate":2,"minecraft:cobbled_deepslate":80,"minecraft:rotten_flesh":2,"minecraft:oak_planks":2,"travelersbackpack:gold_tier_upgrade":1,"minecraft:basalt":2,"minecraft:glass":4,"minecraft:crying_obsidian":4,"minecraft:netherrack":2,"minecraft:egg":1,"minecraft:wheat_seeds":1,"minecraft:golden_horse_armor":3,"minecraft:diamond_leggings":1,"minecraft:cobblestone":10,"minecraft:amethyst_block":1,"minecraft:copper_ingot":1,"minecraft:stick":2,"minecraft:cherry_planks":25,"minecraft:cooked_salmon":11,"minecraft:diamond_helmet":1,"minecraft:iron_axe":1,"minecraft:string":8,"untamedwilds:trap_cage":4,"minecraft:tuff":6,"minecraft:cobblestone_slab":1,"minecraft:andesite":2,"minecraft:stone_pickaxe":1,"minecraft:wooden_pickaxe":1,"minecraft:calcite":1},"minecraft:killed_by":{"midnightlurker:midnight_lurker_aggressive":1,"minecraft:wither_skeleton":1,"minecraft:skeleton":4},"minecraft:picked_up":{"pamhc2crops:cornitem":2,"minecraft:iron_chestplate":2,"minecraft:wheat":40,"pamhc2crops:elderberryitem":2,"minecraft:lead":1,"pamhc2crops:eggplantitem":1,"minecraft:potion":1,"minecraft:enchanted_book":3,"minecraft:nether_brick":20,"minecraft:amethyst_block":1,"minecraft:string":22,"minecraft:raw_copper":81,"minecraft:cooked_salmon":2,"minecraft:iron_leggings":2,"minecraft:pufferfish":4,"minecraft:gold_nugget":19,"minecraft:cobbled_deepslate":1171,"minecraft:cobblestone_slab":145,"minecraft:calcite":1,"minecraft:iron_pickaxe":2,"neapolitan:strawberry_pips":49,"minecraft:furnace":15,"minecraft:iron_boots":1,"minecraft:stick":53,"minecraft:oak_fence":6,"minecraft:torch":317,"minecraft:porkchop":52,"minecraft:cherry_log":17,"tombstone:grave_dust":1,"minecraft:diorite":3,"minecraft:stone_sword":1,"minecraft:rotten_flesh":14,"minecraft:tropical_fish":1,"pamhc2crops:peanutitem":1,"untamedwilds:trap_cage":9,"minecraft:blaze_rod":6,"minecraft:obsidian":2,"minecraft:cod":39,"minecraft:cobblestone":2686,"minecraft:enchanting_table":3,"minecraft:birch_log":3,"pamhc2crops:canolaitem":1,"minecraft:pink_petals":85,"minecraft:feather":4,"minecraft:cooked_beef":4,"minecraft:magma_cream":1,"minecraft:cherry_planks":3,"minecraft:birch_slab":9,"minecraft:andesite":3,"minecraft:smoker":1,"minecraft:potato":1,"minecraft:flint":17,"minecraft:tuff":49,"minecraft:lapis_lazuli":128,"minecraft:stripped_birch_log":3,"minecraft:dirt":379,"minecraft:twisting_vines":8,"minecraft:bone":38,"minecraft:bow":1,"minecraft:wheat_seeds":110,"minecraft:raw_gold":22,"minecraft:glowstone_dust":17,"minecraft:oak_planks":78,"minecraft:dropper":3,"minecraft:sand":53,"pamhc2crops:bokchoyitem":2,"minecraft:spectral_arrow":30,"travelersbackpack:white_sleeping_bag":1,"minecraft:dispenser":4,"minecraft:diamond":57,"minecraft:lever":6,"minecraft:cracked_polished_blackstone_bricks":2,"minecraft:granite":12,"minecraft:bone_meal":57,"pamhc2crops:coffeebeanitem":2,"minecraft:oak_sapling":1,"minecraft:netherrack":437,"minecraft:crimson_roots":3,"minecraft:crafting_table":16,"minecraft:azure_bluet":3,"minecraft:splash_potion":1,"minecraft:chicken":3,"minecraft:nether_wart":21,"pamhc2crops:grapeitem":2,"minecraft:stripped_cherry_log":1,"pamhc2crops:soybeanitem":7,"pamhc2crops:parsnipitem":1,"minecraft:shield":1,"minecraft:red_bed":2,"minecraft:iron_axe":2,"minecraft:blackstone":45,"minecraft:beef":72,"minecraft:poppy":1,"minecraft:sugar_cane":218,"minecraft:egg":7,"minecraft:raw_iron":294,"pamhc2crops:kiwiitem":2,"minecraft:fire_charge":2,"minecraft:polished_blackstone_bricks":8,"minecraft:redstone":79,"minecraft:dark_oak_planks":1,"minecraft:arrow":47,"minecraft:cooked_cod":27,"minecraft:nether_bricks":1,"pamhc2crops:bellpepperitem":3,"pamhc2crops:cantaloupeitem":1,"pamhc2crops:lettuceitem":1,"minecraft:saddle":1,"pamhc2crops:artichokeitem":1,"pamhc2crops:aloeitem":2,"minecraft:glow_berries":20,"minecraft:mutton":8,"minecraft:rail":1,"minecraft:white_wool":6,"minecraft:basalt":2,"minecraft:crimson_stem":4,"minecraft:salmon":14,"minecraft:leather":50,"pamhc2crops:barleyitem":2,"minecraft:birch_planks":58,"minecraft:cobblestone_wall":10,"minecraft:lily_pad":1,"minecraft:oak_log":166,"pamhc2crops:sunchokeitem":2,"minecraft:ancient_debris":1,"minecraft:nether_wart_block":5,"pamhc2crops:guaranaitem":1,"minecraft:cobbled_deepslate_stairs":1,"minecraft:gunpowder":1,"minecraft:cobblestone_stairs":4,"pamhc2crops:pineappleitem":2,"minecraft:cooked_mutton":9,"minecraft:stone_bricks":4,"minecraft:iron_ingot":3,"minecraft:stone_pickaxe":7,"minecraft:cooked_chicken":1,"minecraft:soul_sand":19,"minecraft:dark_oak_stairs":3,"minecraft:book":3,"pamhc2crops:sesameseedsitem":3,"pamhc2crops:mustardseedsitem":4,"minecraft:pumpkin":14,"minecraft:quartz":40,"minecraft:dandelion":2,"minecraft:raw_iron_block":1,"minecraft:gravel":118,"pamhc2crops:taroitem":2,"minecraft:amethyst_shard":8,"pamhc2crops:calabashitem":2,"minecraft:white_bed":4,"minecraft:crying_obsidian":4,"minecraft:spider_eye":1,"travelersbackpack:standard":9,"minecraft:stone_axe":5,"minecraft:iron_helmet":2,"minecraft:cherry_sapling":10,"pamhc2crops:kenafitem":1,"minecraft:coal":723,"minecraft:ender_pearl":2,"pamhc2crops:gingeritem":2},"minecraft:killed":{"minecraft:cave_spider":1,"minecraft:spider":3,"minecraft:skeleton":20,"minecraft:chicken":3,"minecraft:piglin_brute":2,"minecraft:magma_cube":9,"minecraft:piglin":5,"minecraft:pig":17,"minecraft:creeper":4,"minecraft:sheep":5,"minecraft:trader_llama":2,"minecraft:zombie":16,"minecraft:blaze":11,"minecraft:cow":34,"minecraft:hoglin":5,"untamedwilds:spadefish":2,"minecraft:wither_skeleton":16,"minecraft:enderman":2},"minecraft:used":{"minecraft:cherry_sapling":9,"minecraft:iron_shovel":250,"minecraft:dispenser":4,"minecraft:chest":14,"minecraft:shield":112,"minecraft:nether_wart":12,"untamedwilds:trap_cage":9,"minecraft:rotten_flesh":1,"minecraft:iron_chestplate":2,"minecraft:soul_sand":12,"minecraft:nether_bricks":1,"minecraft:tuff":1,"minecraft:obsidian":10,"minecraft:azure_bluet":1,"pamhc2crops:soybeanitem":3,"minecraft:lantern":6,"minecraft:iron_helmet":2,"minecraft:golden_sword":7,"minecraft:oak_sapling":1,"minecraft:cooked_cod":27,"minecraft:furnace":21,"minecraft:egg":1,"pamhc2crops:canolaitem":1,"minecraft:diamond_boots":1,"minecraft:oak_planks":16,"minecraft:dropper":3,"minecraft:stone_pickaxe":300,"minecraft:stripped_birch_log":3,"minecraft:wooden_pickaxe":3,"minecraft:sugar_cane":64,"pamhc2foodcore:friedeggitem":105,"minecraft:white_wool":2,"minecraft:glow_berries":23,"minecraft:cobbled_deepslate_stairs":5,"minecraft:lever":6,"minecraft:birch_slab":2,"tombstone:grave_key":3,"minecraft:gravel":7,"minecraft:diamond_sword":407,"minecraft:smithing_table":1,"minecraft:andesite":1,"minecraft:birch_log":3,"minecraft:stripped_cherry_log":1,"minecraft:bone_meal":130,"minecraft:enchanting_table":4,"minecraft:flint_and_steel":1,"minecraft:armor_stand":2,"minecraft:stone_shovel":110,"minecraft:redstone":1,"minecraft:cooked_salmon":2,"minecraft:cooked_chicken":1,"minecraft:netherrack":416,"minecraft:torch":664,"minecraft:brewing_stand":1,"minecraft:dirt":148,"minecraft:anvil":1,"minecraft:hopper":18,"minecraft:cobblestone_wall":103,"minecraft:twisting_vines":3,"minecraft:diamond_helmet":1,"minecraft:golden_chestplate":1,"minecraft:granite":10,"minecraft:oak_fence_gate":1,"minecraft:iron_hoe":2,"minecraft:bookshelf":11,"minecraft:iron_axe":394,"minecraft:cherry_fence_gate":2,"minecraft:diamond_chestplate":3,"minecraft:glowstone":4,"minecraft:beef":2,"tombstone:gift":8,"minecraft:cooked_beef":25,"minecraft:cobbled_deepslate":490,"minecraft:iron_leggings":2,"minecraft:crimson_stem":2,"minecraft:wheat_seeds":66,"minecraft:cooked_mutton":11,"minecraft:water_bucket":172,"tombstone:scroll_of_knowledge":1,"minecraft:cobblestone_stairs":18,"minecraft:birch_planks":6,"pamhc2crops:cantaloupeitem":2,"minecraft:cherry_planks":6,"minecraft:cobblestone_slab":234,"minecraft:crafting_table":13,"minecraft:red_bed":3,"minecraft:white_bed":3,"minecraft:smoker":7,"minecraft:oak_log":5,"minecraft:diamond_pickaxe":3843,"minecraft:iron_pickaxe":1219,"minecraft:stone_axe":60,"minecraft:pink_petals":76,"minecraft:fishing_rod":72,"minecraft:cobblestone":1726,"travelersbackpack:standard":37,"minecraft:cooked_porkchop":6,"minecraft:bucket":180,"pamhc2crops:mustardseedsitem":1,"minecraft:glass_pane":10,"minecraft:diamond_leggings":1,"minecraft:splash_potion":1},"minecraft:custom":{"minecraft:animals_bred":11,"minecraft:interact_with_crafting_table":148,"minecraft:leave_game":12,"minecraft:time_since_death":14903,"minecraft:sprint_one_cm":1400740,"minecraft:damage_blocked_by_shield":8340,"minecraft:drop":58,"minecraft:talked_to_villager":1,"minecraft:play_time":607562,"minecraft:deaths":9,"minecraft:jump":9348,"minecraft:interact_with_brewingstand":3,"minecraft:walk_on_water_one_cm":61632,"minecraft:interact_with_furnace":147,"minecraft:sleep_in_bed":20,"minecraft:damage_dealt":25919,"minecraft:crouch_one_cm":202303,"tombstone:undead_killed":19,"minecraft:interact_with_smoker":60,"minecraft:inspect_dispenser":7,"minecraft:interact_with_smithing_table":10,"minecraft:inspect_dropper":5,"minecraft:interact_with_anvil":3,"minecraft:mob_kills":160,"minecraft:climb_one_cm":2492,"minecraft:walk_one_cm":1349359,"minecraft:sneak_time":74053,"minecraft:walk_under_water_one_cm":19061,"minecraft:total_world_time":607562,"minecraft:interact_with_stonecutter":1,"minecraft:time_since_rest":1269,"minecraft:damage_taken":10694,"minecraft:swim_one_cm":77957,"minecraft:fly_one_cm":1439744,"minecraft:open_chest":431,"minecraft:fish_caught":46,"minecraft:fall_one_cm":283173}},"DataVersion":3465}