{"stats":{"minecraft:used":{"minecraft:stone_shovel":110,"minecraft:chest":8,"minecraft:shield":26,"minecraft:cooked_salmon":2,"minecraft:cooked_chicken":1,"minecraft:rotten_flesh":1,"minecraft:iron_chestplate":2,"minecraft:torch":285,"minecraft:dirt":18,"minecraft:tuff":1,"minecraft:granite":10,"minecraft:iron_hoe":2,"minecraft:iron_axe":205,"minecraft:iron_helmet":2,"minecraft:golden_sword":7,"minecraft:beef":2,"minecraft:furnace":18,"minecraft:oak_sapling":1,"minecraft:cooked_cod":17,"minecraft:cooked_beef":12,"minecraft:cobbled_deepslate":69,"minecraft:iron_leggings":2,"minecraft:cooked_mutton":10,"minecraft:cobblestone_stairs":9,"minecraft:stone_pickaxe":300,"minecraft:oak_planks":12,"minecraft:wooden_pickaxe":3,"minecraft:crafting_table":7,"minecraft:red_bed":1,"minecraft:white_bed":3,"minecraft:smoker":7,"minecraft:oak_log":5,"minecraft:diamond_pickaxe":1,"minecraft:iron_pickaxe":883,"minecraft:gravel":1,"minecraft:stone_axe":60,"minecraft:fishing_rod":72,"minecraft:cobblestone":353,"minecraft:cooked_porkchop":6,"minecraft:andesite":1},"minecraft:dropped":{"minecraft:cobblestone":9,"minecraft:amethyst_block":1,"minecraft:flint":2,"minecraft:cooked_salmon":11,"minecraft:iron_axe":1,"minecraft:iron_pickaxe":1,"minecraft:bone":1,"minecraft:tuff":6,"minecraft:andesite":2,"minecraft:stone_pickaxe":1,"minecraft:wooden_pickaxe":1,"minecraft:calcite":1},"minecraft:mined":{"minecraft:tuff":10,"minecraft:white_bed":3,"minecraft:deepslate_diamond_ore":10,"minecraft:sculk_vein":3,"minecraft:cobblestone_stairs":1,"minecraft:granite":11,"minecraft:grass_block":14,"minecraft:raw_iron_block":1,"minecraft:furnace":13,"minecraft:iron_ore":121,"minecraft:cobbled_deepslate":3,"minecraft:andesite":2,"minecraft:deepslate_lapis_ore":2,"minecraft:deepslate_iron_ore":69,"minecraft:stone":450,"minecraft:smoker":1,"minecraft:amethyst_cluster":2,"minecraft:crafting_table":6,"minecraft:torch":5,"minecraft:calcite":1,"minecraft:poppy":1,"minecraft:copper_ore":7,"minecraft:cobblestone":47,"minecraft:deepslate_gold_ore":17,"minecraft:sculk":2,"minecraft:diorite":2,"minecraft:wall_torch":17,"minecraft:amethyst_block":1,"minecraft:oak_log":101,"minecraft:coal_ore":160,"minecraft:gravel":7,"minecraft:dirt":118,"minecraft:gold_ore":2,"minecraft:oak_leaves":21,"minecraft:deepslate":215},"minecraft:picked_up":{"minecraft:iron_chestplate":2,"minecraft:crafting_table":11,"minecraft:chicken":3,"minecraft:enchanted_book":3,"minecraft:shield":1,"minecraft:amethyst_block":1,"minecraft:string":4,"minecraft:iron_axe":2,"minecraft:raw_copper":23,"minecraft:cooked_salmon":2,"minecraft:iron_leggings":1,"minecraft:pufferfish":4,"minecraft:cobbled_deepslate":214,"minecraft:beef":23,"minecraft:calcite":1,"minecraft:poppy":1,"minecraft:iron_pickaxe":2,"minecraft:egg":1,"minecraft:iron_boots":1,"minecraft:furnace":14,"minecraft:raw_iron":196,"minecraft:stick":50,"minecraft:torch":202,"minecraft:porkchop":8,"minecraft:diorite":3,"minecraft:arrow":36,"minecraft:rotten_flesh":7,"minecraft:cooked_cod":27,"minecraft:tropical_fish":1,"minecraft:saddle":1,"minecraft:mutton":6,"minecraft:white_wool":4,"minecraft:cod":39,"minecraft:cobblestone":518,"minecraft:feather":4,"minecraft:cooked_beef":4,"minecraft:salmon":14,"minecraft:andesite":3,"minecraft:leather":17,"minecraft:smoker":1,"minecraft:flint":2,"minecraft:tuff":10,"minecraft:oak_log":138,"minecraft:lily_pad":1,"minecraft:cobblestone_stairs":1,"minecraft:dirt":132,"minecraft:cooked_mutton":9,"minecraft:bone":14,"minecraft:bow":1,"minecraft:raw_gold":19,"minecraft:stone_pickaxe":7,"minecraft:iron_ingot":3,"minecraft:cooked_chicken":1,"minecraft:oak_planks":54,"minecraft:raw_iron_block":1,"minecraft:gravel":6,"minecraft:amethyst_shard":8,"minecraft:white_bed":4,"minecraft:diamond":10,"minecraft:stone_axe":5,"minecraft:iron_helmet":1,"minecraft:granite":11,"minecraft:oak_sapling":1,"minecraft:coal":491},"minecraft:killed_by":{"minecraft:skeleton":4},"minecraft:custom":{"minecraft:mob_kills":49,"minecraft:interact_with_crafting_table":40,"minecraft:leave_game":2,"minecraft:time_since_death":54974,"minecraft:sprint_one_cm":346075,"minecraft:walk_one_cm":275172,"minecraft:damage_blocked_by_shield":1350,"minecraft:drop":16,"minecraft:play_time":182693,"minecraft:deaths":6,"minecraft:sneak_time":23539,"minecraft:walk_under_water_one_cm":6922,"minecraft:jump":3102,"minecraft:walk_on_water_one_cm":15596,"minecraft:total_world_time":182693,"minecraft:interact_with_furnace":62,"minecraft:sleep_in_bed":3,"minecraft:time_since_rest":54998,"minecraft:damage_taken":4515,"minecraft:damage_dealt":7163,"minecraft:swim_one_cm":33280,"minecraft:fly_one_cm":385280,"minecraft:open_chest":73,"minecraft:crouch_one_cm":61610,"minecraft:interact_with_smoker":22,"minecraft:fish_caught":46,"minecraft:fall_one_cm":100067},"minecraft:broken":{"minecraft:stone_pickaxe":1,"minecraft:iron_pickaxe":2},"minecraft:crafted":{"minecraft:oak_planks":136,"minecraft:raw_iron":9,"minecraft:fishing_rod":1,"minecraft:furnace":13,"minecraft:cobblestone_stairs":8,"minecraft:cooked_mutton":14,"minecraft:iron_boots":1,"minecraft:iron_axe":2,"minecraft:iron_hoe":1,"minecraft:stone_pickaxe":3,"minecraft:chest":8,"minecraft:smoker":6,"minecraft:cooked_beef":12,"minecraft:red_dye":1,"minecraft:cooked_cod":27,"minecraft:cooked_porkchop":14,"minecraft:crafting_table":2,"minecraft:wooden_pickaxe":1,"minecraft:iron_helmet":1,"minecraft:red_bed":1,"minecraft:cooked_salmon":14,"minecraft:stone_axe":1,"minecraft:air":0,"minecraft:iron_chestplate":1,"minecraft:diamond_pickaxe":1,"minecraft:shield":1,"minecraft:stick":120,"minecraft:iron_ingot":160,"minecraft:iron_pickaxe":5,"minecraft:iron_leggings":1,"minecraft:torch":296},"minecraft:killed":{"minecraft:spider":3,"minecraft:skeleton":10,"minecraft:chicken":3,"minecraft:pig":5,"minecraft:creeper":3,"minecraft:sheep":4,"minecraft:zombie":9,"minecraft:cow":10}},"DataVersion":3465}