{"stats":{"minecraft:crafted":{"minecraft:oak_planks":360,"minecraft:raw_iron":9,"minecraft:cobblestone_slab":294,"minecraft:fishing_rod":1,"minecraft:cooked_chicken":3,"minecraft:furnace":14,"minecraft:cobblestone_stairs":16,"minecraft:lever":1,"minecraft:bone_meal":18,"travelersbackpack:blank_upgrade":4,"travelersbackpack:gold_tier_upgrade":2,"minecraft:cooked_mutton":17,"minecraft:glass":27,"minecraft:hopper":18,"travelersbackpack:white_sleeping_bag":1,"minecraft:iron_boots":1,"minecraft:iron_axe":2,"minecraft:iron_hoe":1,"minecraft:stone_pickaxe":3,"minecraft:chest":30,"minecraft:diamond_boots":1,"pamhc2foodcore:friedeggitem":97,"minecraft:smoker":6,"minecraft:cooked_beef":58,"minecraft:dropper":1,"minecraft:red_dye":1,"minecraft:cooked_cod":27,"travelersbackpack:iron_tier_upgrade":2,"minecraft:diamond_sword":1,"minecraft:cooked_porkchop":37,"minecraft:crafting_table":2,"travelersbackpack:standard":2,"travelersbackpack:backpack_tank":4,"minecraft:wooden_pickaxe":1,"minecraft:iron_helmet":1,"minecraft:red_bed":1,"minecraft:smithing_table":1,"minecraft:cooked_salmon":14,"minecraft:copper_ingot":2,"minecraft:bucket":1,"minecraft:stone_axe":1,"minecraft:air":0,"minecraft:dispenser":1,"minecraft:oak_fence_gate":1,"pamhc2foodcore:skilletitem":1,"minecraft:iron_chestplate":1,"minecraft:paper":36,"minecraft:diamond_pickaxe":2,"minecraft:shield":2,"minecraft:stick":172,"minecraft:iron_ingot":273,"minecraft:iron_pickaxe":5,"minecraft:iron_shovel":1,"minecraft:iron_leggings":1,"minecraft:gold_ingot":21,"minecraft:torch":448,"minecraft:diamond_chestplate":1},"minecraft:broken":{"minecraft:stone_pickaxe":1,"minecraft:shield":1,"minecraft:diamond_pickaxe":1,"minecraft:iron_pickaxe":4},"minecraft:used":{"minecraft:iron_shovel":168,"minecraft:dispenser":4,"minecraft:stone_shovel":110,"minecraft:redstone":1,"minecraft:chest":10,"minecraft:shield":48,"minecraft:cooked_salmon":2,"minecraft:cooked_chicken":1,"minecraft:rotten_flesh":1,"minecraft:iron_chestplate":2,"minecraft:torch":520,"minecraft:dirt":145,"minecraft:hopper":18,"minecraft:tuff":1,"minecraft:granite":10,"minecraft:azure_bluet":1,"minecraft:oak_fence_gate":1,"minecraft:iron_hoe":2,"minecraft:iron_axe":329,"minecraft:iron_helmet":2,"minecraft:golden_sword":7,"minecraft:diamond_chestplate":1,"minecraft:beef":2,"minecraft:oak_sapling":1,"minecraft:furnace":21,"minecraft:cooked_cod":27,"minecraft:egg":1,"minecraft:cooked_beef":25,"minecraft:cobbled_deepslate":348,"minecraft:iron_leggings":2,"minecraft:cooked_mutton":11,"minecraft:water_bucket":169,"pamhc2crops:canolaitem":1,"minecraft:diamond_boots":1,"minecraft:cobblestone_stairs":15,"minecraft:dropper":3,"minecraft:sugar_cane":62,"minecraft:oak_planks":14,"minecraft:stone_pickaxe":300,"minecraft:wooden_pickaxe":3,"pamhc2crops:cantaloupeitem":2,"minecraft:cobblestone_slab":229,"pamhc2foodcore:friedeggitem":28,"minecraft:white_wool":2,"minecraft:glow_berries":7,"minecraft:crafting_table":10,"minecraft:red_bed":2,"minecraft:white_bed":3,"minecraft:smoker":7,"minecraft:oak_log":5,"minecraft:lever":6,"minecraft:diamond_pickaxe":3130,"minecraft:iron_pickaxe":1219,"minecraft:gravel":7,"minecraft:stone_axe":60,"minecraft:diamond_sword":153,"minecraft:fishing_rod":72,"travelersbackpack:standard":30,"minecraft:cobblestone":1365,"pamhc2crops:mustardseedsitem":1,"minecraft:smithing_table":1,"minecraft:cooked_porkchop":6,"minecraft:andesite":1,"minecraft:bucket":179,"minecraft:glass_pane":1,"minecraft:stripped_cherry_log":1,"minecraft:bone_meal":12},"minecraft:custom":{"minecraft:interact_with_smithing_table":7,"minecraft:inspect_dropper":5,"minecraft:mob_kills":97,"minecraft:animals_bred":2,"minecraft:interact_with_crafting_table":95,"minecraft:leave_game":8,"minecraft:time_since_death":305129,"minecraft:climb_one_cm":56,"minecraft:sprint_one_cm":957498,"minecraft:walk_one_cm":875633,"minecraft:damage_blocked_by_shield":3240,"minecraft:drop":35,"minecraft:talked_to_villager":1,"minecraft:play_time":432848,"minecraft:sneak_time":58528,"minecraft:deaths":6,"minecraft:walk_under_water_one_cm":15938,"minecraft:jump":6469,"minecraft:walk_on_water_one_cm":59782,"minecraft:total_world_time":432848,"minecraft:interact_with_furnace":126,"minecraft:sleep_in_bed":14,"minecraft:time_since_rest":24991,"minecraft:damage_taken":6392,"minecraft:damage_dealt":13807,"minecraft:swim_one_cm":74001,"minecraft:fly_one_cm":995938,"minecraft:open_chest":223,"minecraft:crouch_one_cm":145591,"minecraft:fish_caught":46,"minecraft:interact_with_smoker":51,"minecraft:fall_one_cm":199578,"minecraft:inspect_dispenser":7},"minecraft:mined":{"minecraft:dark_oak_planks":1,"minecraft:tuff":49,"minecraft:white_bed":3,"minecraft:deepslate_diamond_ore":57,"minecraft:sculk_vein":5,"minecraft:cobblestone_stairs":1,"minecraft:cherry_log":17,"minecraft:stripped_cherry_log":1,"minecraft:lever":5,"minecraft:granite":12,"pamhc2crops:tropicalgarden":26,"minecraft:grass_block":29,"minecraft:redstone_wire":1,"travelersbackpack:white_sleeping_bag":6,"minecraft:spawner":2,"minecraft:raw_iron_block":1,"minecraft:furnace":14,"minecraft:iron_ore":144,"minecraft:cobbled_deepslate":57,"minecraft:andesite":2,"minecraft:pumpkin":14,"minecraft:deepslate_lapis_ore":23,"minecraft:azure_bluet":3,"minecraft:dark_oak_stairs":3,"minecraft:cave_vines":1,"minecraft:deepslate_iron_ore":120,"minecraft:cobblestone_slab":91,"minecraft:rail":1,"minecraft:stone":2259,"minecraft:white_wool":1,"minecraft:deepslate_redstone_ore":17,"minecraft:glass_pane":1,"pamhc2crops:windygarden":19,"neapolitan:strawberry_bush":49,"minecraft:smoker":1,"minecraft:amethyst_cluster":2,"minecraft:dandelion":2,"travelersbackpack:standard":7,"minecraft:crafting_table":9,"minecraft:torch":23,"minecraft:dropper":3,"minecraft:poppy":1,"minecraft:calcite":1,"minecraft:sculk_sensor":1,"minecraft:copper_ore":23,"minecraft:tall_grass":45,"minecraft:cobblestone":340,"minecraft:deepslate_gold_ore":20,"minecraft:sugar_cane":83,"minecraft:sculk":2,"minecraft:diorite":2,"minecraft:wall_torch":51,"minecraft:amethyst_block":1,"minecraft:pink_petals":24,"minecraft:birch_leaves":4,"minecraft:grass":24,"minecraft:oak_log":129,"minecraft:coal_ore":325,"minecraft:gravel":52,"minecraft:cherry_leaves":7,"minecraft:dirt":262,"minecraft:cobweb":12,"minecraft:dispenser":4,"minecraft:gold_ore":2,"minecraft:oak_leaves":33,"minecraft:deepslate":998},"minecraft:picked_up":{"pamhc2crops:cornitem":2,"minecraft:crafting_table":14,"minecraft:iron_chestplate":2,"pamhc2crops:elderberryitem":2,"minecraft:azure_bluet":3,"minecraft:chicken":3,"pamhc2crops:eggplantitem":1,"pamhc2crops:grapeitem":2,"minecraft:enchanted_book":3,"minecraft:stripped_cherry_log":1,"pamhc2crops:soybeanitem":1,"pamhc2crops:parsnipitem":1,"minecraft:shield":1,"minecraft:amethyst_block":1,"minecraft:string":14,"minecraft:red_bed":1,"minecraft:raw_copper":78,"minecraft:iron_axe":2,"minecraft:cooked_salmon":2,"minecraft:iron_leggings":1,"minecraft:pufferfish":4,"minecraft:cobbled_deepslate":1131,"minecraft:beef":57,"minecraft:cobblestone_slab":144,"minecraft:calcite":1,"minecraft:poppy":1,"minecraft:iron_pickaxe":2,"neapolitan:strawberry_pips":49,"minecraft:sugar_cane":98,"minecraft:furnace":15,"minecraft:iron_boots":1,"minecraft:egg":7,"minecraft:stick":53,"minecraft:raw_iron":294,"minecraft:oak_fence":6,"minecraft:torch":277,"pamhc2crops:kiwiitem":2,"minecraft:porkchop":29,"minecraft:cherry_log":17,"minecraft:diorite":3,"minecraft:redstone":79,"minecraft:dark_oak_planks":1,"minecraft:arrow":41,"minecraft:rotten_flesh":14,"minecraft:cooked_cod":27,"minecraft:tropical_fish":1,"pamhc2crops:peanutitem":1,"pamhc2crops:bellpepperitem":3,"pamhc2crops:cantaloupeitem":1,"pamhc2crops:artichokeitem":1,"pamhc2crops:lettuceitem":1,"minecraft:saddle":1,"pamhc2crops:aloeitem":2,"minecraft:glow_berries":4,"minecraft:mutton":8,"minecraft:cod":39,"minecraft:rail":1,"minecraft:white_wool":6,"minecraft:cobblestone":2609,"pamhc2crops:canolaitem":1,"minecraft:pink_petals":60,"minecraft:feather":4,"minecraft:cooked_beef":4,"minecraft:andesite":3,"minecraft:salmon":14,"minecraft:leather":38,"pamhc2crops:barleyitem":2,"minecraft:smoker":1,"minecraft:potato":1,"minecraft:flint":11,"pamhc2crops:sunchokeitem":2,"minecraft:tuff":49,"minecraft:oak_log":166,"minecraft:lily_pad":1,"pamhc2crops:guaranaitem":1,"minecraft:gunpowder":1,"minecraft:cobblestone_stairs":1,"minecraft:lapis_lazuli":128,"minecraft:dirt":351,"pamhc2crops:pineappleitem":2,"minecraft:cooked_mutton":9,"minecraft:bone":19,"minecraft:bow":1,"minecraft:wheat_seeds":8,"minecraft:raw_gold":22,"minecraft:iron_ingot":3,"minecraft:stone_pickaxe":7,"minecraft:cooked_chicken":1,"minecraft:oak_planks":54,"minecraft:dark_oak_stairs":3,"pamhc2crops:sesameseedsitem":3,"pamhc2crops:mustardseedsitem":4,"minecraft:pumpkin":14,"minecraft:dandelion":2,"minecraft:raw_iron_block":1,"minecraft:gravel":41,"minecraft:dropper":3,"pamhc2crops:taroitem":2,"minecraft:amethyst_shard":8,"pamhc2crops:calabashitem":2,"minecraft:white_bed":4,"pamhc2crops:bokchoyitem":2,"minecraft:spider_eye":1,"travelersbackpack:white_sleeping_bag":1,"travelersbackpack:standard":7,"minecraft:dispenser":4,"minecraft:lever":6,"minecraft:bone_meal":57,"minecraft:diamond":57,"minecraft:stone_axe":5,"minecraft:iron_helmet":1,"minecraft:granite":12,"minecraft:cherry_sapling":5,"pamhc2crops:coffeebeanitem":2,"pamhc2crops:kenafitem":1,"minecraft:oak_sapling":1,"minecraft:coal":718,"pamhc2crops:gingeritem":2},"minecraft:dropped":{"minecraft:dark_oak_stairs":3,"minecraft:wheat_seeds":1,"minecraft:cobblestone":9,"minecraft:amethyst_block":1,"travelersbackpack:iron_tier_upgrade":1,"minecraft:copper_ingot":1,"minecraft:flint":2,"minecraft:stick":2,"minecraft:dirt":32,"minecraft:cooked_salmon":11,"minecraft:iron_axe":1,"minecraft:iron_pickaxe":1,"minecraft:dark_oak_planks":1,"minecraft:bone":1,"minecraft:cobbled_deepslate":80,"minecraft:tuff":6,"minecraft:rotten_flesh":2,"minecraft:oak_planks":2,"travelersbackpack:gold_tier_upgrade":1,"minecraft:cobblestone_slab":1,"minecraft:andesite":2,"minecraft:glass":4,"minecraft:stone_pickaxe":1,"minecraft:wooden_pickaxe":1,"minecraft:calcite":1,"minecraft:egg":1},"minecraft:killed":{"minecraft:cave_spider":1,"minecraft:spider":3,"minecraft:skeleton":16,"minecraft:chicken":3,"minecraft:pig":17,"minecraft:creeper":4,"minecraft:sheep":5,"minecraft:zombie":16,"untamedwilds:spadefish":2,"minecraft:cow":28},"minecraft:killed_by":{"minecraft:skeleton":4}},"DataVersion":3465}