{"stats":{"minecraft:used":{"minecraft:stone_shovel":110,"minecraft:chest":8,"minecraft:shield":22,"minecraft:cooked_salmon":2,"minecraft:cooked_chicken":1,"minecraft:rotten_flesh":1,"minecraft:iron_chestplate":2,"minecraft:torch":244,"minecraft:dirt":18,"minecraft:tuff":1,"minecraft:granite":10,"minecraft:iron_hoe":1,"minecraft:iron_axe":180,"minecraft:iron_helmet":2,"minecraft:golden_sword":7,"minecraft:beef":2,"minecraft:furnace":18,"minecraft:oak_sapling":1,"minecraft:cooked_cod":9,"minecraft:cooked_beef":12,"minecraft:cobbled_deepslate":21,"minecraft:iron_leggings":2,"minecraft:cooked_mutton":10,"minecraft:cobblestone_stairs":9,"minecraft:stone_pickaxe":297,"minecraft:oak_planks":12,"minecraft:wooden_pickaxe":3,"minecraft:crafting_table":7,"minecraft:red_bed":1,"minecraft:white_bed":3,"minecraft:smoker":7,"minecraft:oak_log":5,"minecraft:iron_pickaxe":794,"minecraft:gravel":1,"minecraft:stone_axe":60,"minecraft:fishing_rod":72,"minecraft:cobblestone":353,"minecraft:cooked_porkchop":6,"minecraft:andesite":1},"minecraft:dropped":{"minecraft:amethyst_block":1,"minecraft:cooked_salmon":11,"minecraft:iron_axe":1,"minecraft:iron_pickaxe":1,"minecraft:bone":1,"minecraft:wooden_pickaxe":1,"minecraft:calcite":1},"minecraft:mined":{"minecraft:tuff":10,"minecraft:white_bed":3,"minecraft:deepslate_diamond_ore":1,"minecraft:sculk_vein":1,"minecraft:cobblestone_stairs":1,"minecraft:granite":11,"minecraft:grass_block":14,"minecraft:raw_iron_block":1,"minecraft:furnace":11,"minecraft:iron_ore":121,"minecraft:cobbled_deepslate":2,"minecraft:andesite":2,"minecraft:deepslate_iron_ore":69,"minecraft:stone":445,"minecraft:smoker":1,"minecraft:amethyst_cluster":2,"minecraft:crafting_table":5,"minecraft:torch":5,"minecraft:calcite":1,"minecraft:poppy":1,"minecraft:copper_ore":7,"minecraft:cobblestone":47,"minecraft:deepslate_gold_ore":17,"minecraft:sculk":2,"minecraft:diorite":2,"minecraft:wall_torch":16,"minecraft:amethyst_block":1,"minecraft:oak_log":101,"minecraft:coal_ore":115,"minecraft:gravel":7,"minecraft:dirt":118,"minecraft:gold_ore":2,"minecraft:oak_leaves":18,"minecraft:deepslate":189},"minecraft:picked_up":{"minecraft:iron_chestplate":2,"minecraft:crafting_table":10,"minecraft:enchanted_book":3,"minecraft:shield":1,"minecraft:amethyst_block":1,"minecraft:string":4,"minecraft:iron_axe":2,"minecraft:raw_copper":23,"minecraft:cooked_salmon":2,"minecraft:iron_leggings":1,"minecraft:pufferfish":4,"minecraft:cobbled_deepslate":188,"minecraft:beef":19,"minecraft:calcite":1,"minecraft:poppy":1,"minecraft:iron_pickaxe":2,"minecraft:iron_boots":1,"minecraft:furnace":12,"minecraft:raw_iron":196,"minecraft:stick":50,"minecraft:torch":201,"minecraft:porkchop":8,"minecraft:diorite":3,"minecraft:arrow":35,"minecraft:rotten_flesh":5,"minecraft:cooked_cod":27,"minecraft:tropical_fish":1,"minecraft:saddle":1,"minecraft:cod":39,"minecraft:cobblestone":513,"minecraft:cooked_beef":4,"minecraft:salmon":14,"minecraft:andesite":2,"minecraft:leather":14,"minecraft:smoker":1,"minecraft:flint":2,"minecraft:tuff":10,"minecraft:oak_log":138,"minecraft:lily_pad":1,"minecraft:cobblestone_stairs":1,"minecraft:dirt":132,"minecraft:cooked_mutton":9,"minecraft:bone":12,"minecraft:raw_gold":19,"minecraft:stone_pickaxe":7,"minecraft:iron_ingot":3,"minecraft:cooked_chicken":1,"minecraft:oak_planks":54,"minecraft:raw_iron_block":1,"minecraft:gravel":6,"minecraft:amethyst_shard":8,"minecraft:white_bed":4,"minecraft:diamond":1,"minecraft:stone_axe":5,"minecraft:iron_helmet":1,"minecraft:granite":11,"minecraft:oak_sapling":1,"minecraft:coal":433},"minecraft:killed_by":{"minecraft:skeleton":4},"minecraft:custom":{"minecraft:mob_kills":37,"minecraft:interact_with_crafting_table":39,"minecraft:leave_game":1,"minecraft:time_since_death":33857,"minecraft:sprint_one_cm":287049,"minecraft:walk_one_cm":221767,"minecraft:damage_blocked_by_shield":1095,"minecraft:drop":7,"minecraft:play_time":161576,"minecraft:deaths":6,"minecraft:sneak_time":18280,"minecraft:walk_under_water_one_cm":5101,"minecraft:jump":2593,"minecraft:walk_on_water_one_cm":13487,"minecraft:total_world_time":161576,"minecraft:interact_with_furnace":50,"minecraft:sleep_in_bed":3,"minecraft:time_since_rest":33881,"minecraft:damage_taken":4204,"minecraft:damage_dealt":5911,"minecraft:swim_one_cm":14085,"minecraft:fly_one_cm":345248,"minecraft:open_chest":56,"minecraft:crouch_one_cm":42175,"minecraft:interact_with_smoker":11,"minecraft:fish_caught":46,"minecraft:fall_one_cm":89213},"minecraft:broken":{"minecraft:stone_pickaxe":1,"minecraft:iron_pickaxe":2},"minecraft:crafted":{"minecraft:oak_planks":136,"minecraft:fishing_rod":1,"minecraft:furnace":13,"minecraft:cobblestone_stairs":8,"minecraft:cooked_mutton":8,"minecraft:iron_boots":1,"minecraft:iron_axe":2,"minecraft:iron_hoe":1,"minecraft:stone_pickaxe":3,"minecraft:chest":8,"minecraft:smoker":6,"minecraft:cooked_beef":4,"minecraft:red_dye":1,"minecraft:cooked_cod":27,"minecraft:cooked_porkchop":6,"minecraft:crafting_table":2,"minecraft:wooden_pickaxe":1,"minecraft:iron_helmet":1,"minecraft:red_bed":1,"minecraft:cooked_salmon":14,"minecraft:stone_axe":1,"minecraft:air":0,"minecraft:iron_chestplate":1,"minecraft:shield":1,"minecraft:stick":120,"minecraft:iron_ingot":130,"minecraft:iron_pickaxe":5,"minecraft:iron_leggings":1,"minecraft:torch":296},"minecraft:killed":{"minecraft:spider":3,"minecraft:skeleton":9,"minecraft:pig":5,"minecraft:creeper":3,"minecraft:zombie":7,"minecraft:cow":8}},"DataVersion":3465}