{"stats":{"minecraft:crafted":{"minecraft:oak_planks":1316,"travelersbackpack:crafting_upgrade":1,"minecraft:cooked_chicken":9,"minecraft:birch_slab":324,"minecraft:stone":252,"minecraft:cobblestone_stairs":12,"travelersbackpack:pink_sleeping_bag":1,"minecraft:cooked_mutton":15,"minecraft:glass":108,"minecraft:iron_boots":3,"tombstone:grave_key":1,"minecraft:chest":10,"minecraft:birch_door":3,"minecraft:stone_hoe":1,"minecraft:oak_fence":6,"travelersbackpack:iron_tier_upgrade":1,"minecraft:emerald":122,"minecraft:cooked_porkchop":7,"minecraft:diamond_axe":1,"minecraft:crafting_table":10,"travelersbackpack:lapis":1,"travelersbackpack:standard":3,"minecraft:iron_helmet":3,"minecraft:wooden_pickaxe":2,"minecraft:red_wool":3,"minecraft:copper_ingot":2,"minecraft:fletching_table":1,"minecraft:birch_planks":1636,"travelersbackpack:red_sleeping_bag":1,"pamhc2foodcore:skilletitem":2,"minecraft:iron_chestplate":2,"minecraft:diamond_pickaxe":1,"minecraft:shield":4,"minecraft:stick":4332,"minecraft:iron_ingot":221,"minecraft:iron_pickaxe":4,"minecraft:stone_sword":4,"minecraft:gold_ingot":8,"minecraft:shears":1,"minecraft:cobbled_deepslate_slab":252,"minecraft:oak_door":3,"minecraft:redstone":100,"minecraft:stone_shovel":5,"minecraft:fishing_rod":1,"minecraft:experience_bottle":10,"minecraft:furnace":4,"minecraft:bone_meal":3,"minecraft:pink_dye":4,"travelersbackpack:blank_upgrade":4,"travelersbackpack:gold_tier_upgrade":1,"minecraft:glass_pane":112,"travelersbackpack:white_sleeping_bag":3,"minecraft:iron_hoe":1,"minecraft:stone_pickaxe":16,"minecraft:diamond_boots":1,"pamhc2foodcore:friedeggitem":17,"travelersbackpack:diamond_tier_upgrade":1,"minecraft:cooked_beef":23,"minecraft:red_dye":8,"minecraft:cooked_cod":3,"minecraft:diamond_sword":1,"travelersbackpack:backpack_tank":6,"minecraft:iron_sword":2,"minecraft:cooked_salmon":6,"minecraft:bucket":4,"minecraft:stone_axe":2,"minecraft:glowstone":2,"minecraft:air":0,"minecraft:oak_boat":1,"minecraft:white_wool":2,"minecraft:birch_trapdoor":20,"minecraft:iron_shovel":4,"minecraft:iron_leggings":3,"minecraft:stonecutter":1,"minecraft:white_bed":2,"minecraft:torch":116,"minecraft:lapis_lazuli":46,"minecraft:lapis_block":4,"minecraft:diamond_chestplate":1},"minecraft:broken":{"minecraft:iron_shovel":1,"minecraft:stone_pickaxe":6,"minecraft:stone_axe":1,"minecraft:stone_shovel":2,"minecraft:iron_pickaxe":3},"minecraft:mined":{"minecraft:white_bed":4,"minecraft:oak_sapling":1,"minecraft:farmland":9,"minecraft:brewing_stand":1,"minecraft:obsidian":16,"minecraft:cave_vines_plant":2,"minecraft:granite":107,"travelersbackpack:red_sleeping_bag":4,"minecraft:grass_block":502,"minecraft:composter":1,"minecraft:oxeye_daisy":1,"minecraft:tall_seagrass":2,"minecraft:glowstone":2,"minecraft:iron_ore":316,"minecraft:cobbled_deepslate":38,"minecraft:fletching_table":2,"minecraft:deepslate_lapis_ore":4,"minecraft:cave_vines":7,"minecraft:dirt_path":1,"minecraft:deepslate_redstone_ore":11,"minecraft:red_bed":1,"minecraft:powder_snow":4,"minecraft:torch":32,"minecraft:chest":3,"minecraft:mushroom_stem":5,"minecraft:cobblestone":83,"minecraft:sugar_cane":4,"minecraft:oak_planks":213,"minecraft:wall_torch":57,"minecraft:birch_sapling":1,"minecraft:seagrass":1,"minecraft:birch_log":468,"minecraft:wheat":3,"travelersbackpack:pink_sleeping_bag":7,"minecraft:grass":21,"minecraft:oak_log":332,"minecraft:beetroots":1,"minecraft:sand":174,"minecraft:dirt":301,"minecraft:red_mushroom_block":45,"minecraft:oak_leaves":70,"minecraft:deepslate":429,"minecraft:diamond_ore":7,"minecraft:tuff":26,"minecraft:deepslate_diamond_ore":50,"minecraft:oak_door":3,"minecraft:stripped_birch_log":5,"minecraft:cobbled_deepslate_slab":11,"travelersbackpack:white_sleeping_bag":3,"minecraft:birch_slab":27,"minecraft:spruce_leaves":93,"minecraft:hay_block":17,"minecraft:redstone_ore":13,"minecraft:furnace":9,"minecraft:carrots":3,"minecraft:andesite":70,"minecraft:peony":8,"minecraft:potatoes":1,"minecraft:deepslate_iron_ore":63,"minecraft:stone":1146,"minecraft:oak_slab":1,"minecraft:glass_pane":30,"minecraft:cherry_planks":6,"minecraft:crafting_table":15,"minecraft:rose_bush":4,"pamhc2crops:pamsoybeancrop":1,"minecraft:tall_grass":73,"minecraft:copper_ore":4,"minecraft:lapis_ore":26,"minecraft:deepslate_gold_ore":23,"minecraft:diorite":120,"minecraft:birch_planks":14,"untamedwilds:trap_cage":9,"minecraft:spruce_log":31,"minecraft:birch_leaves":16,"minecraft:coal_ore":743,"minecraft:gravel":20,"minecraft:stone_bricks":1,"minecraft:gold_ore":8},"minecraft:dropped":{"minecraft:birch_planks":58,"minecraft:leather":9,"minecraft:flint":1,"minecraft:dirt":101,"minecraft:birch_log":2,"minecraft:white_wool":3,"minecraft:bone":3,"minecraft:gravel":9,"minecraft:cooked_chicken":1,"minecraft:detector_rail":2,"minecraft:cobbled_deepslate":149,"minecraft:wheat":1,"minecraft:birch_sapling":1,"minecraft:rotten_flesh":8,"minecraft:oak_planks":2,"minecraft:cooked_mutton":4,"minecraft:white_bed":2,"minecraft:rabbit_hide":3,"travelersbackpack:white_sleeping_bag":2,"minecraft:leather_boots":1,"minecraft:arrow":9,"minecraft:powered_rail":1,"minecraft:iron_ingot":1,"minecraft:oak_slab":1,"minecraft:wheat_seeds":1,"minecraft:cobblestone":245,"minecraft:oak_fence":8,"minecraft:iron_helmet":1,"minecraft:granite":104,"minecraft:activator_rail":3,"minecraft:grass_block":1,"minecraft:coal":1,"minecraft:stick":11,"minecraft:pufferfish":1,"minecraft:oxeye_daisy":6,"minecraft:diorite":73,"minecraft:torch":1,"minecraft:rabbit":1,"minecraft:iron_leggings":1,"minecraft:red_dye":5,"minecraft:string":4,"minecraft:lily_pad":1,"minecraft:furnace":1,"minecraft:stone_sword":2,"minecraft:raw_copper":5,"minecraft:tuff":1,"untamedwilds:trap_cage":2,"minecraft:light_gray_wool":1,"pamhc2crops:cornitem":2,"minecraft:andesite":30,"minecraft:oak_sapling":4,"minecraft:spider_eye":4,"minecraft:stone_pickaxe":2,"minecraft:wooden_pickaxe":2,"minecraft:black_wool":1},"minecraft:killed_by":{"midnightlurker:midnight_lurker_aggressive":2,"minecraft:creeper":3,"minecraft:zombie":1,"minecraft:skeleton":4},"minecraft:picked_up":{"pamhc2crops:cornitem":2,"minecraft:birch_door":2,"minecraft:wheat":1,"minecraft:lead":1,"minecraft:brewing_stand":1,"minecraft:string":17,"minecraft:raw_copper":25,"minecraft:cooked_salmon":23,"minecraft:pufferfish":1,"minecraft:beetroot":1,"minecraft:activator_rail":3,"minecraft:diamond_leggings":1,"minecraft:cobbled_deepslate":503,"minecraft:rose_bush":4,"minecraft:iron_pickaxe":2,"minecraft:furnace":9,"minecraft:stick":43,"minecraft:composter":1,"minecraft:oak_fence":2,"minecraft:torch":104,"travelersbackpack:iron_tier_upgrade":1,"minecraft:porkchop":39,"minecraft:diorite":115,"minecraft:rotten_flesh":19,"untamedwilds:trap_cage":13,"pamhc2foodcore:friedeggitem":20,"minecraft:obsidian":16,"minecraft:cod":3,"minecraft:cobblestone":1202,"minecraft:birch_log":466,"minecraft:feather":14,"minecraft:cooked_beef":6,"minecraft:cherry_planks":32,"minecraft:birch_slab":30,"minecraft:water_bucket":1,"minecraft:andesite":54,"minecraft:potato":1,"minecraft:flint":8,"minecraft:tuff":49,"travelersbackpack:gold_tier_upgrade":1,"minecraft:lapis_lazuli":171,"minecraft:stripped_birch_log":4,"minecraft:dirt":891,"minecraft:leather_boots":1,"minecraft:glass":4,"minecraft:bone":9,"minecraft:wheat_seeds":13,"minecraft:raw_gold":31,"minecraft:cobbled_deepslate_slab":15,"minecraft:rabbit":1,"minecraft:fletching_table":2,"minecraft:diamond_helmet":1,"minecraft:glowstone_dust":5,"minecraft:powered_rail":1,"minecraft:oak_planks":530,"minecraft:sand":174,"minecraft:grass_block":1,"travelersbackpack:white_sleeping_bag":4,"minecraft:diamond":57,"minecraft:granite":107,"minecraft:golden_apple":1,"minecraft:oak_sapling":20,"minecraft:fishing_rod":1,"minecraft:crafting_table":16,"minecraft:chicken":12,"minecraft:pink_wool":1,"pamhc2crops:soybeanitem":5,"minecraft:shield":2,"travelersbackpack:pink_sleeping_bag":7,"minecraft:iron_axe":2,"minecraft:detector_rail":2,"minecraft:beef":53,"minecraft:oak_boat":1,"minecraft:poppy":1,"minecraft:light_gray_wool":1,"minecraft:sugar_cane":5,"minecraft:chest":3,"minecraft:birch_sapling":32,"minecraft:egg":23,"minecraft:raw_iron":462,"minecraft:oak_door":3,"minecraft:copper_ingot":1,"pamhc2foodcore:skilletitem":1,"minecraft:carrot":13,"minecraft:redstone":106,"minecraft:arrow":16,"minecraft:beetroot_seeds":4,"minecraft:peony":8,"minecraft:hay_block":17,"minecraft:glow_berries":4,"minecraft:mutton":29,"minecraft:white_wool":24,"minecraft:oxeye_daisy":6,"minecraft:golden_carrot":7,"minecraft:salmon":6,"minecraft:leather":33,"travelersbackpack:red_sleeping_bag":4,"minecraft:red_mushroom":7,"minecraft:birch_planks":58,"minecraft:oak_log":332,"minecraft:lily_pad":1,"minecraft:gunpowder":5,"minecraft:cobblestone_stairs":1,"minecraft:white_banner":1,"minecraft:cooked_mutton":6,"minecraft:apple":1,"minecraft:stone_bricks":1,"minecraft:stone_pickaxe":5,"minecraft:rabbit_hide":3,"minecraft:iron_ingot":12,"minecraft:iron_sword":1,"minecraft:oak_slab":1,"minecraft:gravel":23,"minecraft:spruce_sapling":8,"minecraft:white_bed":5,"minecraft:spruce_log":31,"minecraft:spider_eye":5,"minecraft:gray_wool":1,"minecraft:black_wool":1,"minecraft:melon_seeds":4,"minecraft:coal":1134,"minecraft:ender_pearl":2},"minecraft:killed":{"minecraft:cave_spider":1,"minecraft:spider":10,"minecraft:skeleton":9,"minecraft:chicken":10,"minecraft:pig":19,"minecraft:salmon":4,"minecraft:iron_golem":1,"minecraft:creeper":5,"minecraft:sheep":15,"minecraft:trader_llama":2,"minecraft:pillager":2,"minecraft:zombie":24,"minecraft:cow":27,"untamedwilds:terror_bird":1,"minecraft:enderman":1},"minecraft:used":{"pamhc2crops:kiwiitem":2,"minecraft:iron_shovel":545,"travelersbackpack:lapis":3,"minecraft:chest":10,"minecraft:shield":60,"minecraft:iron_sword":273,"untamedwilds:trap_cage":9,"minecraft:rotten_flesh":4,"pamhc2crops:parsnipitem":1,"pamhc2crops:grapeitem":2,"minecraft:tuff":2,"pamhc2crops:soybeanitem":6,"minecraft:birch_sapling":31,"pamhc2crops:sesameseedsitem":3,"minecraft:iron_helmet":1,"minecraft:stone_bricks":156,"travelersbackpack:red_sleeping_bag":4,"minecraft:oak_sapling":13,"minecraft:furnace":11,"minecraft:cooked_cod":3,"minecraft:egg":4,"minecraft:diorite":18,"minecraft:stone_pickaxe":1066,"minecraft:oak_planks":232,"minecraft:wooden_pickaxe":28,"pamhc2crops:lettuceitem":1,"minecraft:diamond_axe":1041,"pamhc2foodcore:friedeggitem":23,"minecraft:glow_berries":9,"minecraft:sand":21,"minecraft:birch_slab":347,"tombstone:grave_key":2,"minecraft:gravel":6,"minecraft:diamond_sword":170,"minecraft:andesite":17,"minecraft:birch_log":55,"minecraft:oak_boat":1,"minecraft:bone_meal":8,"minecraft:experience_bottle":10,"minecraft:stone_sword":82,"minecraft:stone_shovel":412,"minecraft:cooked_salmon":13,"minecraft:cooked_chicken":8,"minecraft:stone_hoe":86,"minecraft:oak_door":2,"minecraft:torch":120,"minecraft:brewing_stand":1,"minecraft:dirt":608,"minecraft:diamond_helmet":1,"minecraft:granite":2,"minecraft:birch_door":4,"minecraft:iron_hoe":106,"neapolitan:strawberry_scones":5,"pamhc2crops:cornitem":2,"pamhc2crops:bokchoyitem":2,"minecraft:iron_axe":52,"minecraft:iron_boots":1,"minecraft:glowstone":2,"minecraft:golden_carrot":8,"minecraft:beef":2,"tombstone:gift":4,"pamhc2crops:pineappleitem":2,"minecraft:cooked_beef":12,"minecraft:cobbled_deepslate":127,"minecraft:iron_leggings":1,"minecraft:wheat_seeds":6,"minecraft:cooked_mutton":10,"minecraft:water_bucket":76,"minecraft:cobblestone_stairs":12,"minecraft:birch_planks":14,"minecraft:cherry_planks":4,"minecraft:fletching_table":2,"minecraft:stonecutter":1,"minecraft:crafting_table":20,"travelersbackpack:pink_sleeping_bag":7,"minecraft:white_bed":5,"minecraft:spruce_log":7,"minecraft:diamond_pickaxe":1537,"minecraft:apple":1,"minecraft:iron_pickaxe":763,"travelersbackpack:white_sleeping_bag":4,"minecraft:stone_axe":236,"minecraft:fishing_rod":9,"minecraft:cobblestone":525,"minecraft:cobbled_deepslate_slab":176,"travelersbackpack:standard":1,"minecraft:cooked_porkchop":7,"minecraft:bucket":82,"minecraft:glass_pane":111,"minecraft:diamond_leggings":1},"minecraft:custom":{"minecraft:animals_bred":3,"minecraft:interact_with_crafting_table":117,"minecraft:bell_ring":98,"minecraft:leave_game":17,"minecraft:time_since_death":23009,"minecraft:sprint_one_cm":1667752,"minecraft:damage_blocked_by_shield":3555,"minecraft:drop":143,"minecraft:talked_to_villager":52,"minecraft:play_time":615936,"minecraft:deaths":14,"minecraft:jump":8520,"minecraft:walk_on_water_one_cm":40004,"minecraft:interact_with_furnace":182,"minecraft:traded_with_villager":230,"minecraft:sleep_in_bed":23,"minecraft:damage_dealt":20721,"minecraft:crouch_one_cm":37161,"tombstone:undead_killed":7,"minecraft:interact_with_smoker":24,"minecraft:interact_with_smithing_table":5,"minecraft:mob_kills":136,"minecraft:climb_one_cm":12,"minecraft:walk_one_cm":1599768,"minecraft:sneak_time":15086,"minecraft:walk_under_water_one_cm":59713,"minecraft:boat_one_cm":720,"minecraft:total_world_time":615936,"minecraft:interact_with_stonecutter":9,"minecraft:time_since_rest":13269,"minecraft:damage_taken":7802,"minecraft:swim_one_cm":94026,"minecraft:fly_one_cm":1349603,"minecraft:open_chest":263,"minecraft:fish_caught":6,"minecraft:fall_one_cm":192464}},"DataVersion":3465}