{"stats":{"minecraft:used":{"minecraft:stone_sword":58,"minecraft:stone_shovel":297,"minecraft:chest":6,"minecraft:shield":10,"minecraft:iron_sword":159,"minecraft:cooked_salmon":8,"minecraft:cooked_chicken":8,"minecraft:rotten_flesh":4,"minecraft:oak_door":2,"minecraft:torch":54,"minecraft:dirt":231,"minecraft:granite":2,"minecraft:iron_axe":52,"minecraft:iron_helmet":1,"minecraft:iron_boots":1,"minecraft:golden_carrot":8,"minecraft:beef":2,"minecraft:furnace":7,"minecraft:oak_sapling":2,"minecraft:cooked_cod":1,"minecraft:iron_leggings":1,"minecraft:cooked_mutton":4,"minecraft:water_bucket":1,"minecraft:diorite":3,"minecraft:cobblestone_stairs":8,"minecraft:stone_pickaxe":682,"minecraft:oak_planks":217,"minecraft:wooden_pickaxe":28,"minecraft:sand":16,"minecraft:crafting_table":11,"minecraft:white_bed":4,"minecraft:apple":1,"minecraft:iron_pickaxe":35,"minecraft:stone_axe":157,"minecraft:fishing_rod":9,"minecraft:cobblestone":177,"minecraft:bucket":1,"minecraft:glass_pane":28},"minecraft:dropped":{"minecraft:cobblestone":7,"minecraft:leather":2,"minecraft:pufferfish":1,"minecraft:lily_pad":1,"minecraft:cooked_chicken":1,"minecraft:stone_sword":1,"minecraft:rotten_flesh":1,"minecraft:cooked_mutton":4,"minecraft:white_bed":2,"minecraft:leather_boots":1,"minecraft:arrow":2,"minecraft:wooden_pickaxe":2},"minecraft:mined":{"minecraft:white_bed":3,"minecraft:granite":3,"minecraft:grass_block":165,"minecraft:furnace":5,"minecraft:iron_ore":52,"minecraft:andesite":7,"minecraft:deepslate_iron_ore":1,"minecraft:dirt_path":1,"minecraft:stone":284,"minecraft:crafting_table":7,"minecraft:torch":21,"minecraft:chest":3,"minecraft:cobblestone":12,"minecraft:sugar_cane":2,"minecraft:oak_planks":48,"minecraft:diorite":3,"minecraft:wall_torch":9,"minecraft:oak_log":134,"minecraft:coal_ore":373,"minecraft:sand":56,"minecraft:dirt":63,"minecraft:oak_leaves":31},"minecraft:picked_up":{"minecraft:crafting_table":7,"minecraft:chicken":12,"minecraft:pink_wool":1,"minecraft:shield":1,"minecraft:cooked_salmon":19,"minecraft:string":10,"minecraft:iron_axe":2,"minecraft:pufferfish":1,"minecraft:beef":8,"minecraft:iron_pickaxe":1,"minecraft:sugar_cane":4,"minecraft:chest":3,"minecraft:egg":5,"minecraft:furnace":5,"minecraft:raw_iron":55,"minecraft:stick":3,"minecraft:torch":31,"minecraft:porkchop":22,"minecraft:diorite":3,"minecraft:rotten_flesh":11,"minecraft:arrow":4,"minecraft:mutton":20,"minecraft:cod":3,"minecraft:white_wool":20,"minecraft:cobblestone":298,"minecraft:feather":14,"minecraft:cooked_beef":3,"minecraft:golden_carrot":7,"minecraft:andesite":7,"minecraft:salmon":2,"minecraft:leather":5,"minecraft:flint":4,"minecraft:oak_log":134,"minecraft:lily_pad":1,"minecraft:gunpowder":3,"minecraft:dirt":275,"minecraft:cooked_mutton":5,"minecraft:leather_boots":1,"minecraft:bone":2,"minecraft:apple":1,"minecraft:iron_ingot":1,"minecraft:stone_pickaxe":1,"minecraft:oak_planks":315,"minecraft:gravel":2,"minecraft:sand":56,"minecraft:white_bed":4,"minecraft:spider_eye":2,"minecraft:granite":3,"minecraft:golden_apple":1,"minecraft:oak_sapling":2,"minecraft:coal":659},"minecraft:killed_by":{"minecraft:creeper":2,"minecraft:skeleton":2,"minecraft:zombie":1},"minecraft:custom":{"minecraft:mob_kills":59,"minecraft:interact_with_crafting_table":55,"minecraft:leave_game":7,"minecraft:time_since_death":8458,"minecraft:sprint_one_cm":536943,"minecraft:walk_one_cm":499655,"minecraft:damage_blocked_by_shield":405,"minecraft:drop":25,"minecraft:play_time":192975,"minecraft:deaths":6,"minecraft:sneak_time":5820,"minecraft:walk_under_water_one_cm":16611,"minecraft:jump":3023,"minecraft:walk_on_water_one_cm":20471,"minecraft:total_world_time":192975,"minecraft:interact_with_furnace":57,"minecraft:sleep_in_bed":6,"minecraft:time_since_rest":8488,"minecraft:damage_taken":3585,"minecraft:damage_dealt":7845,"minecraft:swim_one_cm":57794,"minecraft:fly_one_cm":510271,"minecraft:open_chest":53,"minecraft:crouch_one_cm":9614,"minecraft:interact_with_smoker":13,"minecraft:fish_caught":6,"minecraft:fall_one_cm":66109},"minecraft:broken":{"minecraft:stone_pickaxe":5,"minecraft:iron_pickaxe":1,"minecraft:stone_shovel":2},"minecraft:crafted":{"minecraft:oak_door":3,"minecraft:oak_planks":524,"minecraft:stone_shovel":4,"minecraft:fishing_rod":1,"minecraft:cooked_chicken":9,"minecraft:furnace":3,"minecraft:cobblestone_stairs":8,"minecraft:cooked_mutton":9,"minecraft:glass_pane":32,"minecraft:glass":13,"minecraft:iron_boots":1,"minecraft:stone_pickaxe":11,"minecraft:chest":3,"minecraft:cooked_beef":11,"minecraft:cooked_cod":3,"minecraft:crafting_table":5,"minecraft:wooden_pickaxe":2,"minecraft:iron_helmet":1,"minecraft:iron_sword":1,"minecraft:cooked_salmon":2,"minecraft:bucket":1,"minecraft:stone_axe":2,"minecraft:air":0,"minecraft:shield":2,"minecraft:stick":66,"minecraft:iron_ingot":31,"minecraft:stone_sword":3,"minecraft:iron_leggings":1,"minecraft:white_bed":2,"minecraft:torch":64,"minecraft:shears":1},"minecraft:killed":{"minecraft:spider":6,"minecraft:skeleton":1,"minecraft:chicken":10,"minecraft:pig":11,"minecraft:creeper":3,"minecraft:sheep":10,"minecraft:zombie":13,"minecraft:cow":3}},"DataVersion":3465}