{"stats":{"minecraft:crafted":{"minecraft:oak_planks":1332,"travelersbackpack:crafting_upgrade":1,"minecraft:cooked_chicken":9,"minecraft:birch_slab":324,"minecraft:stone":256,"minecraft:cobblestone_stairs":12,"travelersbackpack:pink_sleeping_bag":1,"minecraft:cooked_mutton":15,"minecraft:glass":172,"minecraft:iron_boots":3,"tombstone:grave_key":1,"minecraft:birch_fence_gate":1,"minecraft:chest":10,"minecraft:birch_door":3,"minecraft:stone_hoe":1,"minecraft:oak_fence":6,"travelersbackpack:iron_tier_upgrade":1,"minecraft:emerald":122,"minecraft:cooked_porkchop":7,"minecraft:diamond_axe":1,"minecraft:crafting_table":10,"travelersbackpack:lapis":1,"minecraft:spruce_planks":20,"travelersbackpack:standard":3,"minecraft:iron_helmet":3,"minecraft:wooden_pickaxe":2,"minecraft:red_wool":3,"minecraft:copper_ingot":2,"minecraft:fletching_table":1,"minecraft:birch_planks":1636,"travelersbackpack:red_sleeping_bag":1,"pamhc2foodcore:skilletitem":2,"minecraft:iron_chestplate":2,"minecraft:diamond_pickaxe":2,"minecraft:shield":4,"minecraft:stick":4340,"minecraft:iron_ingot":221,"minecraft:iron_pickaxe":4,"minecraft:stone_sword":4,"minecraft:gold_ingot":8,"minecraft:composter":1,"minecraft:shears":1,"minecraft:cobbled_deepslate_slab":252,"minecraft:oak_door":3,"minecraft:redstone":100,"minecraft:stone_shovel":5,"minecraft:fishing_rod":1,"minecraft:experience_bottle":10,"minecraft:furnace":4,"minecraft:bone_meal":45,"minecraft:pink_dye":4,"travelersbackpack:blank_upgrade":4,"travelersbackpack:gold_tier_upgrade":1,"minecraft:glass_pane":112,"travelersbackpack:white_sleeping_bag":3,"minecraft:ladder":6,"minecraft:iron_hoe":2,"minecraft:spruce_slab":12,"minecraft:stone_pickaxe":16,"minecraft:diamond_boots":1,"pamhc2foodcore:friedeggitem":88,"travelersbackpack:diamond_tier_upgrade":1,"minecraft:wheat":153,"minecraft:cooked_beef":23,"minecraft:red_dye":8,"minecraft:cooked_cod":3,"minecraft:diamond_sword":1,"minecraft:spruce_sign":3,"travelersbackpack:backpack_tank":6,"minecraft:iron_sword":2,"minecraft:cooked_salmon":6,"minecraft:bucket":4,"minecraft:stone_axe":2,"minecraft:glowstone":3,"minecraft:bread":50,"minecraft:air":0,"minecraft:oak_boat":1,"minecraft:white_wool":2,"minecraft:birch_trapdoor":20,"minecraft:iron_shovel":5,"minecraft:iron_leggings":3,"minecraft:stonecutter":1,"minecraft:white_bed":2,"minecraft:torch":116,"minecraft:lapis_lazuli":46,"minecraft:lapis_block":4,"minecraft:diamond_chestplate":1},"minecraft:broken":{"minecraft:iron_shovel":1,"minecraft:stone_pickaxe":6,"minecraft:diamond_pickaxe":1,"minecraft:stone_axe":1,"minecraft:stone_shovel":2,"minecraft:shield":1,"minecraft:iron_pickaxe":3},"minecraft:mined":{"minecraft:spruce_planks":2,"minecraft:white_bed":61,"minecraft:oak_sapling":1,"minecraft:farmland":9,"minecraft:brewing_stand":3,"minecraft:obsidian":16,"minecraft:cave_vines_plant":2,"minecraft:granite":107,"travelersbackpack:red_sleeping_bag":4,"minecraft:grass_block":567,"minecraft:light_gray_bed":5,"minecraft:composter":5,"minecraft:oxeye_daisy":1,"minecraft:tall_seagrass":2,"minecraft:glowstone":2,"minecraft:iron_ore":316,"minecraft:cobbled_deepslate":38,"minecraft:fletching_table":2,"minecraft:deepslate_lapis_ore":4,"minecraft:anvil":2,"minecraft:cave_vines":8,"minecraft:dirt_path":1,"minecraft:deepslate_redstone_ore":11,"minecraft:red_bed":2,"minecraft:powder_snow":4,"minecraft:torch":38,"minecraft:chest":5,"minecraft:mushroom_stem":5,"minecraft:spruce_wall_sign":3,"minecraft:glass":3,"minecraft:cobblestone":334,"minecraft:sugar_cane":4,"minecraft:oak_planks":213,"minecraft:wall_torch":61,"minecraft:birch_sapling":1,"minecraft:seagrass":1,"neapolitan:small_banana_frond":2,"minecraft:birch_log":468,"minecraft:wheat":51,"minecraft:birch_trapdoor":85,"minecraft:black_bed":5,"travelersbackpack:pink_sleeping_bag":13,"minecraft:grass":21,"minecraft:oak_log":336,"minecraft:beetroots":1,"minecraft:sand":253,"minecraft:dirt":358,"minecraft:red_mushroom_block":45,"minecraft:stonecutter":3,"minecraft:oak_leaves":73,"minecraft:deepslate":429,"minecraft:diamond_ore":7,"minecraft:tuff":29,"minecraft:deepslate_diamond_ore":50,"minecraft:oak_door":3,"minecraft:stripped_birch_log":5,"minecraft:cobbled_deepslate_slab":11,"minecraft:ladder":2,"travelersbackpack:white_sleeping_bag":3,"minecraft:birch_slab":27,"minecraft:spruce_leaves":93,"minecraft:hay_block":17,"minecraft:redstone_ore":13,"minecraft:furnace":9,"minecraft:carrots":59,"minecraft:andesite":81,"minecraft:peony":8,"minecraft:potatoes":1,"minecraft:cobblestone_slab":1,"minecraft:deepslate_iron_ore":63,"minecraft:stone":1583,"minecraft:smithing_table":2,"minecraft:oak_slab":2,"minecraft:glass_pane":30,"minecraft:cherry_planks":6,"minecraft:crafting_table":19,"minecraft:rose_bush":4,"pamhc2crops:pamsoybeancrop":1,"minecraft:tall_grass":73,"minecraft:copper_ore":4,"minecraft:lapis_ore":26,"minecraft:deepslate_gold_ore":23,"minecraft:diorite":120,"minecraft:birch_planks":14,"untamedwilds:trap_cage":16,"minecraft:spruce_log":31,"minecraft:birch_leaves":16,"minecraft:coal_ore":743,"minecraft:gravel":20,"minecraft:stone_bricks":1,"minecraft:gold_ore":8},"minecraft:dropped":{"minecraft:birch_planks":84,"minecraft:diamond_axe":1,"minecraft:leather":9,"minecraft:flint":1,"minecraft:dirt":101,"minecraft:red_bed":2,"neapolitan:strawberries":10,"minecraft:birch_log":2,"minecraft:white_wool":3,"minecraft:bone":4,"minecraft:gravel":9,"minecraft:cooked_chicken":1,"minecraft:detector_rail":2,"minecraft:cobbled_deepslate":149,"minecraft:wheat":5,"minecraft:birch_sapling":1,"minecraft:rotten_flesh":18,"minecraft:oak_planks":2,"minecraft:cooked_mutton":4,"minecraft:white_bed":2,"minecraft:carrot":80,"minecraft:rabbit_hide":3,"travelersbackpack:white_sleeping_bag":2,"minecraft:leather_boots":1,"minecraft:arrow":9,"minecraft:powered_rail":1,"minecraft:iron_ingot":1,"minecraft:bread":56,"minecraft:oak_slab":1,"minecraft:wheat_seeds":59,"minecraft:oak_fence":8,"minecraft:iron_helmet":1,"minecraft:cobblestone":245,"minecraft:granite":104,"minecraft:activator_rail":3,"minecraft:grass_block":1,"minecraft:coal":1,"minecraft:stick":11,"minecraft:pufferfish":1,"minecraft:oxeye_daisy":6,"minecraft:diorite":73,"minecraft:torch":1,"minecraft:rabbit":1,"minecraft:iron_leggings":1,"minecraft:red_dye":5,"minecraft:string":4,"minecraft:lily_pad":1,"minecraft:furnace":1,"minecraft:stone_sword":2,"minecraft:raw_copper":5,"minecraft:tuff":1,"untamedwilds:trap_cage":2,"minecraft:light_gray_wool":1,"minecraft:shield":4,"minecraft:bundle":1,"pamhc2crops:cornitem":2,"minecraft:andesite":30,"minecraft:oak_sapling":4,"minecraft:spider_eye":4,"minecraft:stone_pickaxe":2,"minecraft:wooden_pickaxe":2,"minecraft:black_wool":1},"minecraft:killed_by":{"midnightlurker:midnight_lurker_aggressive":2,"minecraft:creeper":3,"minecraft:zombie":1,"minecraft:skeleton":4},"minecraft:picked_up":{"pamhc2crops:cornitem":2,"minecraft:birch_door":2,"minecraft:wheat":6,"minecraft:anvil":2,"minecraft:smithing_table":2,"minecraft:lead":1,"minecraft:brewing_stand":3,"minecraft:string":19,"minecraft:raw_copper":25,"minecraft:cooked_salmon":23,"minecraft:pufferfish":1,"minecraft:beetroot":1,"minecraft:activator_rail":3,"minecraft:diamond_leggings":1,"minecraft:cobbled_deepslate":503,"minecraft:spruce_planks":2,"minecraft:rose_bush":4,"minecraft:cobblestone_slab":1,"minecraft:iron_pickaxe":2,"minecraft:furnace":9,"minecraft:stick":43,"minecraft:birch_trapdoor":84,"minecraft:composter":5,"minecraft:oak_fence":2,"minecraft:torch":116,"travelersbackpack:iron_tier_upgrade":1,"minecraft:porkchop":39,"tombstone:grave_dust":2,"minecraft:diorite":115,"minecraft:rotten_flesh":32,"minecraft:light_gray_bed":5,"untamedwilds:trap_cage":20,"pamhc2foodcore:friedeggitem":20,"minecraft:obsidian":16,"minecraft:cod":3,"minecraft:blaze_powder":5,"minecraft:cobblestone":1969,"minecraft:birch_log":466,"minecraft:feather":20,"minecraft:cooked_beef":6,"minecraft:cherry_planks":32,"minecraft:birch_slab":30,"minecraft:water_bucket":1,"minecraft:andesite":65,"minecraft:black_bed":5,"minecraft:potato":1,"minecraft:flint":8,"minecraft:tuff":51,"travelersbackpack:gold_tier_upgrade":1,"minecraft:lapis_lazuli":171,"minecraft:stripped_birch_log":4,"minecraft:dirt":1144,"minecraft:leather_boots":1,"minecraft:glass":4,"minecraft:bone":19,"minecraft:stonecutter":3,"minecraft:bow":1,"minecraft:raw_gold":31,"minecraft:wheat_seeds":74,"minecraft:cobbled_deepslate_slab":15,"minecraft:rabbit":1,"minecraft:fletching_table":2,"minecraft:diamond_helmet":1,"minecraft:glowstone_dust":5,"minecraft:powered_rail":1,"minecraft:oak_planks":530,"minecraft:sand":253,"minecraft:grass_block":1,"neapolitan:strawberries":10,"travelersbackpack:white_sleeping_bag":4,"minecraft:bundle":2,"minecraft:diamond":57,"minecraft:granite":107,"minecraft:bone_meal":1,"minecraft:golden_apple":1,"minecraft:spruce_sign":3,"minecraft:bread":3,"minecraft:oak_sapling":20,"minecraft:fishing_rod":1,"minecraft:crafting_table":20,"minecraft:ladder":2,"minecraft:chicken":14,"minecraft:nether_wart":3,"minecraft:pink_wool":1,"pamhc2crops:soybeanitem":5,"minecraft:shield":6,"travelersbackpack:pink_sleeping_bag":14,"minecraft:red_bed":2,"minecraft:oak_trapdoor":4,"minecraft:iron_axe":2,"neapolitan:banana_frond":2,"minecraft:detector_rail":2,"minecraft:beef":53,"minecraft:oak_boat":1,"minecraft:poppy":1,"minecraft:light_gray_wool":1,"minecraft:sugar_cane":5,"minecraft:chest":5,"minecraft:birch_sapling":32,"minecraft:egg":23,"minecraft:raw_iron":462,"minecraft:oak_door":3,"minecraft:copper_ingot":1,"pamhc2foodcore:skilletitem":1,"minecraft:carrot":128,"minecraft:redstone":106,"minecraft:arrow":23,"minecraft:beetroot_seeds":4,"minecraft:peony":8,"minecraft:hay_block":17,"tombstone:essence_of_undeath":1,"minecraft:glow_berries":4,"minecraft:mutton":29,"minecraft:white_wool":26,"minecraft:oxeye_daisy":6,"minecraft:golden_carrot":7,"minecraft:salmon":6,"minecraft:leather":33,"travelersbackpack:red_sleeping_bag":4,"minecraft:red_mushroom":7,"minecraft:birch_planks":58,"minecraft:oak_log":336,"minecraft:lily_pad":1,"minecraft:gunpowder":8,"minecraft:cobblestone_stairs":1,"minecraft:white_banner":1,"minecraft:cooked_mutton":6,"minecraft:apple":1,"minecraft:stone_bricks":1,"minecraft:rabbit_hide":3,"minecraft:iron_ingot":13,"minecraft:stone_pickaxe":5,"minecraft:iron_sword":1,"minecraft:oak_slab":3,"minecraft:gravel":23,"minecraft:spruce_sapling":8,"minecraft:white_bed":59,"minecraft:spruce_log":31,"minecraft:spider_eye":6,"minecraft:diamond_axe":1,"minecraft:gray_wool":1,"minecraft:melon_seeds":4,"minecraft:black_wool":1,"minecraft:coal":1134,"minecraft:ender_pearl":3},"minecraft:killed":{"minecraft:cave_spider":1,"minecraft:spider":13,"minecraft:skeleton":19,"minecraft:chicken":12,"minecraft:pig":19,"minecraft:salmon":4,"minecraft:iron_golem":1,"minecraft:creeper":7,"minecraft:sheep":15,"minecraft:trader_llama":2,"minecraft:pillager":2,"minecraft:zombie":30,"minecraft:cow":27,"untamedwilds:terror_bird":1,"minecraft:villager":2,"minecraft:enderman":2},"minecraft:used":{"pamhc2crops:kiwiitem":2,"minecraft:iron_shovel":720,"travelersbackpack:lapis":3,"minecraft:ladder":5,"minecraft:shield":69,"minecraft:chest":12,"minecraft:iron_sword":273,"untamedwilds:trap_cage":15,"minecraft:rotten_flesh":4,"pamhc2crops:parsnipitem":1,"minecraft:carrot":47,"pamhc2crops:grapeitem":2,"minecraft:tuff":5,"pamhc2crops:soybeanitem":6,"minecraft:glass":64,"pamhc2crops:sesameseedsitem":3,"minecraft:birch_sapling":31,"minecraft:iron_helmet":1,"minecraft:stone_bricks":156,"minecraft:birch_trapdoor":94,"travelersbackpack:red_sleeping_bag":4,"minecraft:bow":5,"minecraft:oak_sapling":13,"minecraft:cooked_cod":3,"minecraft:furnace":11,"minecraft:egg":4,"minecraft:diorite":18,"minecraft:stone_pickaxe":1066,"minecraft:oak_planks":232,"pamhc2crops:lettuceitem":1,"minecraft:wooden_pickaxe":28,"minecraft:composter":6,"minecraft:diamond_axe":1198,"pamhc2foodcore:friedeggitem":43,"minecraft:glow_berries":9,"minecraft:sand":21,"tombstone:dust_of_vanishing":3,"minecraft:black_bed":6,"minecraft:birch_fence_gate":1,"minecraft:birch_slab":347,"minecraft:bread":1,"tombstone:grave_key":2,"minecraft:gravel":6,"minecraft:diamond_sword":272,"minecraft:smithing_table":2,"minecraft:andesite":17,"minecraft:birch_log":55,"minecraft:oak_boat":1,"minecraft:bone_meal":35,"minecraft:experience_bottle":10,"minecraft:stone_sword":82,"minecraft:stone_shovel":412,"minecraft:spruce_planks":4,"minecraft:cooked_salmon":13,"minecraft:stone_hoe":86,"minecraft:cooked_chicken":8,"minecraft:oak_door":2,"minecraft:torch":140,"minecraft:brewing_stand":3,"minecraft:dirt":749,"minecraft:anvil":2,"minecraft:diamond_helmet":1,"minecraft:granite":2,"minecraft:birch_door":4,"minecraft:iron_hoe":211,"pamhc2crops:cornitem":2,"neapolitan:strawberry_scones":12,"pamhc2crops:bokchoyitem":2,"minecraft:iron_axe":52,"minecraft:iron_boots":1,"minecraft:glowstone":3,"minecraft:golden_carrot":8,"minecraft:beef":2,"tombstone:gift":8,"pamhc2crops:pineappleitem":2,"minecraft:cooked_beef":12,"minecraft:cobbled_deepslate":127,"minecraft:light_gray_bed":5,"minecraft:iron_leggings":1,"minecraft:wheat_seeds":9,"minecraft:cooked_mutton":10,"minecraft:water_bucket":86,"minecraft:cobblestone_stairs":12,"minecraft:birch_planks":14,"minecraft:bundle":1,"minecraft:cherry_planks":4,"minecraft:spruce_sign":4,"minecraft:fletching_table":2,"minecraft:stonecutter":4,"minecraft:cobblestone_slab":1,"minecraft:crafting_table":23,"travelersbackpack:pink_sleeping_bag":14,"minecraft:white_bed":66,"minecraft:spruce_log":7,"minecraft:diamond_pickaxe":2205,"minecraft:apple":1,"minecraft:iron_pickaxe":834,"travelersbackpack:white_sleeping_bag":4,"neapolitan:banana_frond":2,"minecraft:stone_axe":236,"minecraft:fishing_rod":9,"minecraft:cobblestone":807,"minecraft:cobbled_deepslate_slab":176,"travelersbackpack:standard":1,"minecraft:cooked_porkchop":7,"minecraft:bucket":95,"minecraft:glass_pane":111,"minecraft:diamond_leggings":1},"minecraft:custom":{"minecraft:animals_bred":3,"minecraft:interact_with_crafting_table":128,"minecraft:bell_ring":98,"minecraft:leave_game":21,"minecraft:time_since_death":179660,"minecraft:sprint_one_cm":1826171,"minecraft:damage_blocked_by_shield":4140,"minecraft:drop":254,"minecraft:talked_to_villager":64,"minecraft:play_time":772587,"minecraft:deaths":14,"minecraft:jump":9415,"minecraft:walk_on_water_one_cm":57249,"minecraft:interact_with_furnace":185,"minecraft:traded_with_villager":230,"minecraft:sleep_in_bed":33,"minecraft:damage_dealt":25574,"minecraft:crouch_one_cm":56396,"tombstone:undead_killed":23,"minecraft:interact_with_smoker":24,"minecraft:interact_with_smithing_table":5,"minecraft:mob_kills":162,"tombstone:use_vanishing":4,"minecraft:climb_one_cm":9567,"minecraft:walk_one_cm":2105405,"minecraft:sneak_time":20311,"minecraft:walk_under_water_one_cm":59962,"minecraft:boat_one_cm":720,"minecraft:total_world_time":772587,"minecraft:interact_with_stonecutter":9,"minecraft:time_since_rest":16483,"minecraft:damage_taken":8891,"minecraft:swim_one_cm":94026,"minecraft:fly_one_cm":1486511,"minecraft:open_chest":398,"minecraft:fish_caught":6,"minecraft:fall_one_cm":208302}},"DataVersion":3465}