{"stats":{"minecraft:crafted":{"minecraft:oak_planks":524,"travelersbackpack:crafting_upgrade":1,"minecraft:cooked_chicken":9,"minecraft:birch_slab":324,"minecraft:cobblestone_stairs":8,"minecraft:stone":108,"travelersbackpack:pink_sleeping_bag":1,"minecraft:cooked_mutton":15,"minecraft:glass":108,"minecraft:iron_boots":3,"minecraft:chest":6,"minecraft:birch_door":3,"minecraft:stone_hoe":1,"minecraft:oak_fence":6,"travelersbackpack:iron_tier_upgrade":1,"minecraft:cooked_porkchop":7,"minecraft:diamond_axe":1,"minecraft:crafting_table":9,"travelersbackpack:lapis":1,"minecraft:iron_helmet":3,"minecraft:wooden_pickaxe":2,"travelersbackpack:standard":3,"minecraft:red_wool":3,"minecraft:birch_planks":448,"travelersbackpack:red_sleeping_bag":1,"pamhc2foodcore:skilletitem":1,"minecraft:iron_chestplate":2,"minecraft:diamond_pickaxe":1,"minecraft:shield":4,"minecraft:stick":110,"minecraft:iron_ingot":221,"minecraft:iron_pickaxe":4,"minecraft:stone_sword":4,"minecraft:gold_ingot":8,"minecraft:shears":1,"minecraft:oak_door":3,"minecraft:cobbled_deepslate_slab":252,"minecraft:stone_shovel":5,"minecraft:fishing_rod":1,"minecraft:furnace":4,"minecraft:bone_meal":3,"minecraft:pink_dye":4,"travelersbackpack:blank_upgrade":4,"travelersbackpack:gold_tier_upgrade":1,"minecraft:glass_pane":112,"travelersbackpack:white_sleeping_bag":3,"minecraft:stone_pickaxe":16,"minecraft:diamond_boots":1,"pamhc2foodcore:friedeggitem":1,"travelersbackpack:diamond_tier_upgrade":1,"minecraft:cooked_beef":23,"minecraft:red_dye":8,"minecraft:cooked_cod":3,"minecraft:diamond_sword":1,"travelersbackpack:backpack_tank":6,"minecraft:iron_sword":2,"minecraft:cooked_salmon":6,"minecraft:bucket":4,"minecraft:stone_axe":2,"minecraft:air":0,"minecraft:white_wool":2,"minecraft:birch_trapdoor":20,"minecraft:iron_shovel":3,"minecraft:iron_leggings":3,"minecraft:stonecutter":1,"minecraft:white_bed":2,"minecraft:torch":88,"minecraft:lapis_block":4,"minecraft:diamond_chestplate":1},"minecraft:broken":{"minecraft:iron_shovel":1,"minecraft:stone_pickaxe":6,"minecraft:stone_axe":1,"minecraft:stone_shovel":2,"minecraft:iron_pickaxe":3},"minecraft:custom":{"minecraft:animals_bred":3,"minecraft:interact_with_crafting_table":108,"minecraft:leave_game":15,"minecraft:time_since_death":199143,"minecraft:sprint_one_cm":1220970,"minecraft:damage_blocked_by_shield":1635,"minecraft:drop":114,"minecraft:play_time":496708,"minecraft:deaths":10,"minecraft:jump":6430,"minecraft:walk_on_water_one_cm":35262,"minecraft:interact_with_furnace":176,"minecraft:sleep_in_bed":19,"minecraft:damage_dealt":16136,"minecraft:crouch_one_cm":36191,"minecraft:interact_with_smoker":24,"minecraft:interact_with_smithing_table":5,"minecraft:mob_kills":118,"minecraft:walk_one_cm":1284988,"minecraft:sneak_time":14540,"minecraft:walk_under_water_one_cm":51915,"minecraft:total_world_time":496708,"minecraft:interact_with_stonecutter":8,"minecraft:time_since_rest":8886,"minecraft:damage_taken":6369,"minecraft:swim_one_cm":81735,"minecraft:fly_one_cm":959265,"minecraft:open_chest":210,"minecraft:fish_caught":6,"minecraft:fall_one_cm":141972},"minecraft:mined":{"minecraft:white_bed":4,"minecraft:farmland":9,"minecraft:obsidian":16,"minecraft:cave_vines_plant":1,"minecraft:granite":107,"travelersbackpack:red_sleeping_bag":4,"minecraft:grass_block":497,"minecraft:tall_seagrass":2,"minecraft:iron_ore":316,"minecraft:cobbled_deepslate":38,"minecraft:deepslate_lapis_ore":4,"minecraft:cave_vines":7,"minecraft:dirt_path":1,"minecraft:deepslate_redstone_ore":11,"minecraft:red_bed":1,"minecraft:torch":31,"minecraft:chest":3,"minecraft:mushroom_stem":5,"minecraft:cobblestone":65,"minecraft:sugar_cane":4,"minecraft:oak_planks":196,"minecraft:wall_torch":56,"minecraft:birch_log":168,"minecraft:wheat":2,"travelersbackpack:pink_sleeping_bag":4,"minecraft:grass":3,"minecraft:oak_log":134,"minecraft:sand":174,"minecraft:dirt":260,"minecraft:red_mushroom_block":45,"minecraft:oak_leaves":35,"minecraft:deepslate":429,"minecraft:diamond_ore":7,"minecraft:tuff":26,"minecraft:deepslate_diamond_ore":50,"minecraft:oak_door":2,"minecraft:stripped_birch_log":5,"minecraft:cobbled_deepslate_slab":11,"travelersbackpack:white_sleeping_bag":3,"minecraft:birch_slab":27,"minecraft:redstone_ore":13,"minecraft:furnace":9,"minecraft:andesite":70,"minecraft:peony":8,"minecraft:deepslate_iron_ore":63,"minecraft:stone":980,"minecraft:glass_pane":30,"minecraft:cherry_planks":6,"minecraft:crafting_table":12,"minecraft:rose_bush":4,"pamhc2crops:pamsoybeancrop":1,"minecraft:tall_grass":71,"minecraft:copper_ore":4,"minecraft:lapis_ore":26,"minecraft:deepslate_gold_ore":23,"minecraft:diorite":120,"minecraft:birch_planks":13,"minecraft:birch_leaves":4,"minecraft:coal_ore":736,"minecraft:gravel":6,"minecraft:stone_bricks":1,"minecraft:gold_ore":8},"minecraft:used":{"pamhc2crops:kiwiitem":2,"minecraft:iron_shovel":496,"travelersbackpack:lapis":1,"minecraft:shield":32,"minecraft:chest":6,"minecraft:iron_sword":273,"minecraft:rotten_flesh":4,"pamhc2crops:parsnipitem":1,"pamhc2crops:grapeitem":2,"minecraft:tuff":2,"pamhc2crops:soybeanitem":6,"pamhc2crops:sesameseedsitem":3,"minecraft:birch_sapling":5,"minecraft:iron_helmet":1,"minecraft:stone_bricks":137,"travelersbackpack:red_sleeping_bag":4,"minecraft:furnace":11,"minecraft:oak_sapling":4,"minecraft:cooked_cod":3,"minecraft:egg":3,"minecraft:diorite":18,"minecraft:stone_pickaxe":1066,"minecraft:oak_planks":217,"minecraft:wooden_pickaxe":28,"pamhc2crops:lettuceitem":1,"minecraft:diamond_axe":421,"pamhc2foodcore:friedeggitem":1,"minecraft:glow_berries":9,"minecraft:sand":21,"minecraft:birch_slab":347,"minecraft:gravel":1,"minecraft:diamond_sword":74,"minecraft:andesite":17,"minecraft:birch_log":54,"minecraft:bone_meal":8,"minecraft:stone_sword":82,"minecraft:stone_shovel":412,"minecraft:cooked_salmon":13,"minecraft:stone_hoe":86,"minecraft:cooked_chicken":8,"minecraft:oak_door":2,"minecraft:torch":116,"minecraft:dirt":584,"minecraft:diamond_helmet":1,"minecraft:granite":2,"minecraft:birch_door":4,"pamhc2crops:cornitem":2,"pamhc2crops:bokchoyitem":2,"minecraft:iron_axe":52,"minecraft:iron_boots":1,"minecraft:golden_carrot":8,"minecraft:beef":2,"pamhc2crops:pineappleitem":2,"minecraft:cooked_beef":12,"minecraft:cobbled_deepslate":127,"minecraft:iron_leggings":1,"minecraft:wheat_seeds":6,"minecraft:cooked_mutton":10,"minecraft:water_bucket":76,"minecraft:cobblestone_stairs":8,"minecraft:birch_planks":13,"minecraft:cherry_planks":4,"minecraft:stonecutter":1,"minecraft:crafting_table":16,"travelersbackpack:pink_sleeping_bag":4,"minecraft:white_bed":5,"minecraft:diamond_pickaxe":1343,"minecraft:apple":1,"minecraft:iron_pickaxe":763,"travelersbackpack:white_sleeping_bag":4,"minecraft:stone_axe":236,"minecraft:fishing_rod":9,"minecraft:cobblestone":405,"travelersbackpack:standard":1,"minecraft:cobbled_deepslate_slab":176,"minecraft:cooked_porkchop":7,"minecraft:bucket":82,"minecraft:glass_pane":111,"minecraft:diamond_leggings":1},"minecraft:picked_up":{"pamhc2crops:cornitem":2,"minecraft:birch_door":2,"minecraft:wheat":1,"minecraft:lead":1,"minecraft:string":16,"minecraft:raw_copper":25,"minecraft:cooked_salmon":23,"minecraft:pufferfish":1,"minecraft:activator_rail":3,"minecraft:diamond_leggings":1,"minecraft:cobbled_deepslate":503,"minecraft:rose_bush":4,"minecraft:iron_pickaxe":2,"minecraft:furnace":9,"minecraft:stick":15,"minecraft:oak_fence":2,"minecraft:torch":101,"travelersbackpack:iron_tier_upgrade":1,"minecraft:porkchop":33,"minecraft:diorite":115,"minecraft:rotten_flesh":19,"minecraft:obsidian":16,"minecraft:cod":3,"minecraft:cobblestone":1021,"minecraft:birch_log":168,"minecraft:feather":14,"minecraft:cooked_beef":6,"minecraft:cherry_planks":32,"minecraft:water_bucket":1,"minecraft:birch_slab":30,"minecraft:andesite":54,"minecraft:flint":6,"minecraft:tuff":49,"minecraft:dirt":835,"travelersbackpack:gold_tier_upgrade":1,"minecraft:lapis_lazuli":171,"minecraft:stripped_birch_log":4,"minecraft:leather_boots":1,"minecraft:bone":6,"minecraft:glass":4,"minecraft:wheat_seeds":12,"minecraft:raw_gold":31,"minecraft:cobbled_deepslate_slab":15,"minecraft:diamond_helmet":1,"minecraft:powered_rail":1,"minecraft:oak_planks":513,"minecraft:sand":174,"travelersbackpack:white_sleeping_bag":4,"minecraft:diamond":57,"minecraft:granite":107,"minecraft:golden_apple":1,"minecraft:oak_sapling":4,"minecraft:fishing_rod":1,"minecraft:crafting_table":13,"minecraft:chicken":12,"minecraft:pink_wool":1,"pamhc2crops:soybeanitem":5,"minecraft:shield":2,"travelersbackpack:pink_sleeping_bag":4,"minecraft:iron_axe":2,"minecraft:detector_rail":2,"minecraft:beef":44,"minecraft:light_gray_wool":1,"minecraft:sugar_cane":5,"minecraft:chest":3,"minecraft:birch_sapling":5,"minecraft:egg":17,"minecraft:raw_iron":462,"minecraft:oak_door":2,"minecraft:copper_ingot":1,"pamhc2foodcore:skilletitem":1,"minecraft:redstone":106,"minecraft:arrow":10,"minecraft:peony":8,"minecraft:mutton":28,"minecraft:glow_berries":4,"minecraft:white_wool":23,"minecraft:golden_carrot":7,"minecraft:salmon":6,"minecraft:leather":28,"travelersbackpack:red_sleeping_bag":4,"minecraft:red_mushroom":7,"minecraft:birch_planks":13,"minecraft:oak_log":134,"minecraft:lily_pad":1,"minecraft:gunpowder":5,"minecraft:white_banner":1,"minecraft:cooked_mutton":6,"minecraft:apple":1,"minecraft:stone_bricks":1,"minecraft:stone_pickaxe":5,"minecraft:iron_ingot":7,"minecraft:iron_sword":1,"minecraft:gravel":11,"minecraft:white_bed":5,"minecraft:spider_eye":5,"minecraft:gray_wool":1,"minecraft:black_wool":1,"minecraft:melon_seeds":4,"minecraft:coal":1127},"minecraft:dropped":{"minecraft:birch_planks":58,"minecraft:leather":6,"minecraft:flint":1,"minecraft:dirt":69,"minecraft:birch_log":2,"minecraft:white_wool":2,"minecraft:bone":3,"minecraft:gravel":2,"minecraft:cooked_chicken":1,"minecraft:detector_rail":2,"minecraft:cobbled_deepslate":149,"minecraft:wheat":1,"minecraft:rotten_flesh":8,"minecraft:cooked_mutton":4,"minecraft:white_bed":2,"travelersbackpack:white_sleeping_bag":2,"minecraft:leather_boots":1,"minecraft:arrow":8,"minecraft:powered_rail":1,"minecraft:iron_ingot":1,"minecraft:wheat_seeds":1,"minecraft:oak_fence":8,"minecraft:cobblestone":241,"minecraft:iron_helmet":1,"minecraft:granite":104,"minecraft:activator_rail":3,"minecraft:coal":1,"minecraft:stick":4,"minecraft:pufferfish":1,"minecraft:diorite":73,"minecraft:torch":1,"minecraft:iron_leggings":1,"minecraft:red_dye":5,"minecraft:string":3,"minecraft:lily_pad":1,"minecraft:furnace":1,"minecraft:stone_sword":2,"minecraft:raw_copper":5,"minecraft:tuff":1,"minecraft:light_gray_wool":1,"pamhc2crops:cornitem":2,"minecraft:andesite":30,"minecraft:spider_eye":4,"minecraft:stone_pickaxe":2,"minecraft:wooden_pickaxe":2,"minecraft:black_wool":1},"minecraft:killed":{"minecraft:cave_spider":1,"minecraft:spider":8,"minecraft:skeleton":3,"minecraft:chicken":10,"minecraft:pig":17,"minecraft:salmon":4,"minecraft:creeper":5,"minecraft:sheep":15,"minecraft:trader_llama":2,"minecraft:pillager":2,"minecraft:zombie":23,"minecraft:cow":23},"minecraft:killed_by":{"minecraft:creeper":3,"minecraft:zombie":1,"minecraft:skeleton":4}},"DataVersion":3465}