{"stats":{"minecraft:killed":{"minecraft:cave_spider":1,"minecraft:spider":8,"minecraft:skeleton":3,"minecraft:chicken":10,"minecraft:pig":12,"minecraft:salmon":4,"minecraft:creeper":4,"minecraft:sheep":11,"minecraft:zombie":22,"minecraft:cow":5},"minecraft:picked_up":{"minecraft:fishing_rod":1,"minecraft:crafting_table":10,"minecraft:chicken":12,"minecraft:pink_wool":1,"minecraft:shield":2,"minecraft:string":16,"minecraft:raw_copper":21,"minecraft:iron_axe":2,"minecraft:cooked_salmon":23,"minecraft:pufferfish":1,"minecraft:activator_rail":3,"minecraft:cobbled_deepslate":142,"minecraft:detector_rail":2,"minecraft:beef":14,"minecraft:iron_pickaxe":2,"minecraft:light_gray_wool":1,"minecraft:sugar_cane":4,"minecraft:chest":3,"minecraft:furnace":6,"minecraft:egg":16,"minecraft:stick":14,"minecraft:raw_iron":254,"minecraft:copper_ingot":1,"minecraft:oak_fence":2,"minecraft:torch":69,"travelersbackpack:iron_tier_upgrade":1,"pamhc2foodcore:skilletitem":1,"minecraft:porkchop":23,"minecraft:diorite":48,"minecraft:redstone":62,"minecraft:arrow":10,"minecraft:rotten_flesh":19,"minecraft:glow_berries":4,"minecraft:mutton":22,"minecraft:cod":3,"minecraft:white_wool":21,"minecraft:cobblestone":569,"minecraft:birch_log":12,"minecraft:feather":14,"minecraft:cooked_beef":6,"minecraft:golden_carrot":7,"minecraft:andesite":24,"minecraft:water_bucket":1,"minecraft:salmon":6,"minecraft:leather":9,"minecraft:flint":5,"minecraft:tuff":48,"minecraft:oak_log":134,"minecraft:lily_pad":1,"minecraft:gunpowder":4,"travelersbackpack:gold_tier_upgrade":1,"minecraft:lapis_lazuli":49,"minecraft:dirt":308,"minecraft:leather_boots":1,"minecraft:cooked_mutton":6,"minecraft:glass":4,"minecraft:bone":5,"minecraft:apple":1,"minecraft:wheat_seeds":7,"minecraft:raw_gold":24,"minecraft:stone_pickaxe":5,"minecraft:iron_ingot":5,"minecraft:powered_rail":1,"minecraft:iron_sword":1,"minecraft:oak_planks":377,"minecraft:gravel":9,"minecraft:sand":84,"minecraft:white_bed":5,"minecraft:spider_eye":5,"travelersbackpack:white_sleeping_bag":4,"minecraft:granite":9,"minecraft:golden_apple":1,"minecraft:oak_sapling":2,"minecraft:melon_seeds":4,"minecraft:coal":812},"minecraft:custom":{"minecraft:interact_with_smithing_table":1,"minecraft:mob_kills":84,"minecraft:animals_bred":1,"minecraft:interact_with_crafting_table":76,"minecraft:leave_game":11,"minecraft:time_since_death":5621,"minecraft:sprint_one_cm":826940,"minecraft:walk_one_cm":760486,"minecraft:damage_blocked_by_shield":1335,"minecraft:drop":68,"minecraft:play_time":303186,"minecraft:sneak_time":7948,"minecraft:deaths":10,"minecraft:walk_under_water_one_cm":50487,"minecraft:jump":4532,"minecraft:walk_on_water_one_cm":31803,"minecraft:total_world_time":303186,"minecraft:interact_with_furnace":93,"minecraft:sleep_in_bed":9,"minecraft:time_since_rest":5654,"minecraft:damage_taken":5529,"minecraft:damage_dealt":11679,"minecraft:swim_one_cm":80009,"minecraft:fly_one_cm":698007,"minecraft:open_chest":107,"minecraft:crouch_one_cm":12937,"minecraft:fish_caught":6,"minecraft:interact_with_smoker":16,"minecraft:fall_one_cm":104448},"minecraft:dropped":{"minecraft:cobblestone":7,"minecraft:oak_fence":8,"minecraft:leather":6,"minecraft:granite":6,"minecraft:activator_rail":3,"minecraft:coal":1,"minecraft:stick":2,"minecraft:pufferfish":1,"minecraft:diorite":6,"minecraft:torch":1,"minecraft:string":3,"minecraft:lily_pad":1,"minecraft:white_wool":2,"minecraft:bone":2,"minecraft:cooked_chicken":1,"minecraft:detector_rail":2,"minecraft:stone_sword":2,"minecraft:cobbled_deepslate":2,"minecraft:raw_copper":1,"minecraft:rotten_flesh":8,"minecraft:light_gray_wool":1,"minecraft:cooked_mutton":4,"minecraft:white_bed":2,"travelersbackpack:white_sleeping_bag":2,"minecraft:leather_boots":1,"minecraft:spider_eye":4,"minecraft:wooden_pickaxe":2,"minecraft:stone_pickaxe":1,"minecraft:arrow":8,"minecraft:powered_rail":1},"minecraft:crafted":{"minecraft:oak_door":3,"minecraft:oak_planks":524,"minecraft:stone_shovel":4,"minecraft:fishing_rod":1,"minecraft:cooked_chicken":9,"minecraft:furnace":4,"minecraft:cobblestone_stairs":8,"minecraft:cooked_mutton":11,"minecraft:glass_pane":32,"minecraft:glass":21,"travelersbackpack:white_sleeping_bag":2,"minecraft:iron_boots":2,"minecraft:stone_pickaxe":14,"minecraft:chest":4,"pamhc2foodcore:friedeggitem":1,"minecraft:oak_fence":6,"minecraft:cooked_beef":17,"minecraft:cooked_cod":3,"minecraft:crafting_table":7,"minecraft:iron_helmet":2,"travelersbackpack:backpack_tank":2,"minecraft:wooden_pickaxe":2,"travelersbackpack:standard":1,"minecraft:iron_sword":2,"minecraft:cooked_salmon":6,"minecraft:birch_planks":48,"minecraft:bucket":3,"minecraft:stone_axe":2,"minecraft:air":0,"pamhc2foodcore:skilletitem":1,"minecraft:iron_chestplate":1,"minecraft:shield":3,"minecraft:stick":86,"minecraft:iron_ingot":40,"minecraft:iron_pickaxe":2,"minecraft:stone_sword":3,"minecraft:iron_shovel":1,"minecraft:iron_leggings":2,"minecraft:gold_ingot":1,"minecraft:white_bed":2,"minecraft:torch":80,"minecraft:shears":1},"minecraft:mined":{"minecraft:tuff":25,"minecraft:white_bed":4,"minecraft:cave_vines_plant":1,"minecraft:granite":9,"minecraft:grass_block":168,"travelersbackpack:white_sleeping_bag":3,"minecraft:tall_seagrass":2,"minecraft:redstone_ore":13,"minecraft:furnace":6,"minecraft:iron_ore":171,"minecraft:cobbled_deepslate":2,"minecraft:andesite":24,"minecraft:deepslate_lapis_ore":2,"minecraft:cave_vines":7,"minecraft:deepslate_iron_ore":25,"minecraft:dirt_path":1,"minecraft:stone":472,"minecraft:deepslate_redstone_ore":1,"minecraft:red_bed":1,"minecraft:crafting_table":9,"minecraft:torch":30,"minecraft:chest":3,"minecraft:tall_grass":71,"minecraft:copper_ore":3,"minecraft:cobblestone":15,"minecraft:lapis_ore":5,"minecraft:deepslate_gold_ore":21,"minecraft:sugar_cane":2,"minecraft:oak_planks":48,"minecraft:diorite":35,"minecraft:wall_torch":29,"minecraft:birch_log":12,"minecraft:oak_log":134,"minecraft:coal_ore":505,"minecraft:gravel":1,"minecraft:sand":84,"minecraft:dirt":71,"minecraft:gold_ore":3,"minecraft:oak_leaves":33,"minecraft:deepslate":86},"minecraft:killed_by":{"minecraft:creeper":3,"minecraft:skeleton":4,"minecraft:zombie":1},"minecraft:broken":{"minecraft:stone_pickaxe":6,"minecraft:iron_pickaxe":2,"minecraft:stone_shovel":2},"minecraft:used":{"minecraft:stone_sword":60,"minecraft:iron_shovel":28,"minecraft:stone_shovel":297,"minecraft:chest":6,"minecraft:shield":26,"minecraft:iron_sword":273,"minecraft:cooked_salmon":13,"minecraft:cooked_chicken":8,"minecraft:rotten_flesh":4,"minecraft:oak_door":2,"minecraft:torch":96,"minecraft:dirt":239,"minecraft:tuff":2,"minecraft:granite":2,"minecraft:iron_axe":52,"minecraft:iron_helmet":1,"minecraft:iron_boots":1,"minecraft:golden_carrot":8,"minecraft:beef":2,"minecraft:oak_sapling":2,"minecraft:furnace":9,"minecraft:cooked_cod":3,"minecraft:egg":2,"minecraft:cooked_beef":6,"minecraft:cobbled_deepslate":23,"minecraft:iron_leggings":1,"minecraft:cooked_mutton":6,"minecraft:water_bucket":58,"minecraft:diorite":18,"minecraft:cobblestone_stairs":8,"minecraft:stone_pickaxe":963,"minecraft:oak_planks":217,"minecraft:wooden_pickaxe":28,"pamhc2foodcore:friedeggitem":1,"minecraft:glow_berries":9,"minecraft:sand":16,"minecraft:crafting_table":13,"minecraft:white_bed":5,"minecraft:apple":1,"minecraft:iron_pickaxe":470,"travelersbackpack:white_sleeping_bag":4,"minecraft:gravel":1,"minecraft:stone_axe":169,"minecraft:fishing_rod":9,"travelersbackpack:standard":1,"minecraft:cobblestone":257,"minecraft:andesite":17,"minecraft:bucket":60,"minecraft:glass_pane":28}},"DataVersion":3465}