{"stats":{"minecraft:crafted":{"minecraft:oak_door":3,"minecraft:oak_planks":524,"minecraft:stone_shovel":4,"minecraft:fishing_rod":1,"minecraft:cooked_chicken":9,"minecraft:furnace":4,"minecraft:cobblestone_stairs":8,"minecraft:cooked_mutton":15,"minecraft:glass_pane":32,"minecraft:glass":41,"travelersbackpack:white_sleeping_bag":2,"minecraft:iron_boots":3,"minecraft:stone_pickaxe":16,"minecraft:chest":4,"pamhc2foodcore:friedeggitem":1,"minecraft:oak_fence":6,"minecraft:cooked_beef":20,"minecraft:red_dye":8,"minecraft:cooked_cod":3,"minecraft:cooked_porkchop":4,"minecraft:crafting_table":9,"minecraft:iron_helmet":3,"travelersbackpack:backpack_tank":2,"minecraft:wooden_pickaxe":2,"travelersbackpack:standard":1,"minecraft:iron_sword":2,"minecraft:red_wool":3,"minecraft:cooked_salmon":6,"minecraft:bucket":3,"minecraft:birch_planks":48,"minecraft:stone_axe":2,"minecraft:air":0,"travelersbackpack:red_sleeping_bag":1,"pamhc2foodcore:skilletitem":1,"minecraft:iron_chestplate":2,"minecraft:diamond_pickaxe":1,"minecraft:shield":3,"minecraft:stick":98,"minecraft:iron_ingot":69,"minecraft:iron_pickaxe":4,"minecraft:stone_sword":4,"minecraft:iron_shovel":1,"minecraft:iron_leggings":3,"minecraft:gold_ingot":1,"minecraft:white_bed":2,"minecraft:torch":84,"minecraft:shears":1},"minecraft:broken":{"minecraft:stone_pickaxe":6,"minecraft:iron_pickaxe":3,"minecraft:stone_shovel":2},"minecraft:used":{"minecraft:stone_sword":75,"minecraft:iron_shovel":28,"minecraft:stone_shovel":297,"minecraft:chest":6,"minecraft:shield":26,"minecraft:iron_sword":273,"minecraft:cooked_salmon":13,"minecraft:cooked_chicken":8,"minecraft:rotten_flesh":4,"minecraft:oak_door":2,"minecraft:torch":96,"minecraft:dirt":239,"minecraft:tuff":2,"minecraft:granite":2,"minecraft:iron_axe":52,"minecraft:iron_helmet":1,"minecraft:iron_boots":1,"travelersbackpack:red_sleeping_bag":3,"minecraft:golden_carrot":8,"minecraft:beef":2,"minecraft:oak_sapling":2,"minecraft:furnace":11,"minecraft:cooked_cod":3,"minecraft:egg":2,"minecraft:cooked_beef":6,"minecraft:cobbled_deepslate":23,"minecraft:iron_leggings":1,"minecraft:cooked_mutton":6,"minecraft:water_bucket":58,"minecraft:diorite":18,"minecraft:cobblestone_stairs":8,"minecraft:oak_planks":217,"minecraft:stone_pickaxe":1066,"minecraft:wooden_pickaxe":28,"pamhc2foodcore:friedeggitem":1,"minecraft:sand":16,"minecraft:glow_berries":9,"minecraft:crafting_table":16,"minecraft:white_bed":5,"minecraft:diamond_pickaxe":882,"minecraft:apple":1,"minecraft:iron_pickaxe":754,"travelersbackpack:white_sleeping_bag":4,"minecraft:gravel":1,"minecraft:stone_axe":197,"minecraft:fishing_rod":9,"travelersbackpack:standard":1,"minecraft:cobblestone":329,"minecraft:cooked_porkchop":2,"minecraft:andesite":17,"minecraft:bucket":60,"minecraft:glass_pane":28},"minecraft:mined":{"minecraft:diamond_ore":7,"minecraft:tuff":26,"minecraft:white_bed":4,"minecraft:deepslate_diamond_ore":50,"minecraft:cave_vines_plant":1,"minecraft:granite":106,"travelersbackpack:red_sleeping_bag":3,"minecraft:grass_block":168,"travelersbackpack:white_sleeping_bag":3,"minecraft:tall_seagrass":2,"minecraft:redstone_ore":13,"minecraft:furnace":9,"minecraft:iron_ore":316,"minecraft:cobbled_deepslate":2,"minecraft:andesite":62,"minecraft:deepslate_lapis_ore":4,"minecraft:cave_vines":7,"minecraft:deepslate_iron_ore":63,"minecraft:dirt_path":1,"minecraft:stone":800,"minecraft:deepslate_redstone_ore":11,"minecraft:red_bed":1,"minecraft:crafting_table":11,"minecraft:torch":30,"minecraft:chest":3,"minecraft:rose_bush":4,"minecraft:copper_ore":4,"minecraft:tall_grass":71,"minecraft:cobblestone":24,"minecraft:deepslate_gold_ore":23,"minecraft:lapis_ore":22,"minecraft:oak_planks":48,"minecraft:sugar_cane":2,"minecraft:diorite":87,"minecraft:wall_torch":29,"minecraft:birch_log":12,"minecraft:grass":1,"minecraft:oak_log":134,"minecraft:coal_ore":617,"minecraft:sand":84,"minecraft:gravel":4,"minecraft:dirt":76,"minecraft:gold_ore":8,"minecraft:oak_leaves":33,"minecraft:deepslate":429},"minecraft:custom":{"minecraft:interact_with_smithing_table":1,"minecraft:mob_kills":95,"minecraft:animals_bred":1,"minecraft:interact_with_crafting_table":88,"minecraft:leave_game":12,"minecraft:time_since_death":64421,"minecraft:sprint_one_cm":884392,"minecraft:walk_one_cm":903918,"minecraft:damage_blocked_by_shield":1335,"minecraft:drop":95,"minecraft:play_time":361986,"minecraft:sneak_time":8686,"minecraft:deaths":10,"minecraft:walk_under_water_one_cm":50487,"minecraft:jump":5032,"minecraft:walk_on_water_one_cm":32614,"minecraft:total_world_time":361986,"minecraft:interact_with_furnace":122,"minecraft:sleep_in_bed":13,"minecraft:time_since_rest":1621,"minecraft:damage_taken":5700,"minecraft:damage_dealt":13148,"minecraft:swim_one_cm":80009,"minecraft:fly_one_cm":751790,"minecraft:open_chest":133,"minecraft:crouch_one_cm":14624,"minecraft:fall_one_cm":111766,"minecraft:fish_caught":6,"minecraft:interact_with_smoker":16},"minecraft:picked_up":{"minecraft:fishing_rod":1,"minecraft:crafting_table":12,"minecraft:chicken":12,"minecraft:lead":1,"minecraft:pink_wool":1,"minecraft:shield":2,"minecraft:string":16,"minecraft:raw_copper":25,"minecraft:iron_axe":2,"minecraft:cooked_salmon":23,"minecraft:pufferfish":1,"minecraft:activator_rail":3,"minecraft:cobbled_deepslate":481,"minecraft:detector_rail":2,"minecraft:beef":17,"minecraft:rose_bush":4,"minecraft:iron_pickaxe":2,"minecraft:light_gray_wool":1,"minecraft:sugar_cane":4,"minecraft:chest":3,"minecraft:furnace":9,"minecraft:egg":16,"minecraft:stick":14,"minecraft:raw_iron":462,"minecraft:copper_ingot":1,"minecraft:oak_fence":2,"minecraft:torch":69,"travelersbackpack:iron_tier_upgrade":1,"pamhc2foodcore:skilletitem":1,"minecraft:porkchop":30,"minecraft:diorite":83,"minecraft:redstone":106,"minecraft:arrow":10,"minecraft:rotten_flesh":19,"minecraft:glow_berries":4,"minecraft:mutton":28,"minecraft:cod":3,"minecraft:white_wool":23,"minecraft:cobblestone":870,"minecraft:birch_log":12,"minecraft:feather":14,"minecraft:cooked_beef":6,"minecraft:golden_carrot":7,"minecraft:andesite":54,"minecraft:water_bucket":1,"minecraft:salmon":6,"minecraft:leather":10,"travelersbackpack:red_sleeping_bag":3,"minecraft:flint":6,"minecraft:tuff":49,"minecraft:oak_log":134,"minecraft:lily_pad":1,"minecraft:gunpowder":4,"travelersbackpack:gold_tier_upgrade":1,"minecraft:lapis_lazuli":157,"minecraft:dirt":311,"minecraft:leather_boots":1,"minecraft:cooked_mutton":6,"minecraft:glass":4,"minecraft:bone":5,"minecraft:apple":1,"minecraft:wheat_seeds":7,"minecraft:raw_gold":31,"minecraft:iron_ingot":7,"minecraft:stone_pickaxe":5,"minecraft:powered_rail":1,"minecraft:iron_sword":1,"minecraft:oak_planks":377,"minecraft:gravel":11,"minecraft:sand":84,"minecraft:white_bed":5,"minecraft:spider_eye":5,"travelersbackpack:white_sleeping_bag":4,"minecraft:diamond":57,"minecraft:granite":106,"minecraft:golden_apple":1,"minecraft:gray_wool":1,"minecraft:oak_sapling":2,"minecraft:melon_seeds":4,"minecraft:black_wool":1,"minecraft:coal":1010},"minecraft:dropped":{"minecraft:iron_ingot":1,"minecraft:cobblestone":173,"minecraft:oak_fence":8,"minecraft:leather":6,"minecraft:granite":100,"minecraft:activator_rail":3,"minecraft:coal":1,"minecraft:flint":1,"minecraft:pufferfish":1,"minecraft:stick":2,"minecraft:dirt":4,"minecraft:diorite":27,"minecraft:torch":1,"minecraft:red_dye":5,"minecraft:string":3,"minecraft:lily_pad":1,"minecraft:white_wool":2,"minecraft:bone":2,"minecraft:gravel":2,"minecraft:cooked_chicken":1,"minecraft:detector_rail":2,"minecraft:stone_sword":2,"minecraft:cobbled_deepslate":149,"minecraft:raw_copper":5,"minecraft:tuff":1,"minecraft:rotten_flesh":8,"minecraft:light_gray_wool":1,"minecraft:cooked_mutton":4,"minecraft:white_bed":2,"travelersbackpack:white_sleeping_bag":2,"minecraft:andesite":30,"minecraft:leather_boots":1,"minecraft:spider_eye":4,"minecraft:wooden_pickaxe":2,"minecraft:arrow":8,"minecraft:powered_rail":1,"minecraft:stone_pickaxe":1,"minecraft:black_wool":1},"minecraft:killed":{"minecraft:cave_spider":1,"minecraft:spider":8,"minecraft:skeleton":3,"minecraft:chicken":10,"minecraft:pig":15,"minecraft:salmon":4,"minecraft:creeper":4,"minecraft:sheep":15,"minecraft:trader_llama":2,"minecraft:zombie":22,"minecraft:cow":7},"minecraft:killed_by":{"minecraft:creeper":3,"minecraft:skeleton":4,"minecraft:zombie":1}},"DataVersion":3465}